plan_id,model_id,method,seed,dataset,training_mode,aggregation,scheduler_policy,base_experiment_id,target_quality,constraint_provenance,validation_utility,validation_macro_f1,test_utility,test_macro_f1,accuracy_loss,rounds_completed,rounds_to_target,target_reached,peak_memory_bytes,compute_to_target_seconds,communication_to_target_bytes,latency_to_target_seconds,attained_time_to_target_seconds,censored_observation_horizon_seconds,mean_round_latency_seconds,privacy_risk,shadow_pricing_enabled,shadow_prices_final,energy_to_target_joules,feasible,violations,normalized_memory,normalized_compute,normalized_communication,normalized_energy,normalized_latency,normalized_privacy,normalized_accuracy,tradefl_score
llama3_8b_qlora__tradefl_dynamic,meta-llama/Meta-Llama-3-8B,qlora,42,pubmedqa,real_federated,FedAvg,tradefl_dynamic,llama3_8b_qlora,0.7,"{""hospital_edge_required"": false, ""maximum_privacy_risk"": 0.5, ""maximum_round_latency_seconds"": 120, ""maximum_time_to_target_seconds"": 28800, ""memory_capacity_bytes"": 8589934592, ""minimum_validation_utility"": 0.4, ""public_cloud_allowed"": false, ""require_target_reached"": false}",0.7,0.5276691480562449,0.69,0.5001705029838023,0.2,1,1.0,True,15713242112,367.5906814899936,81788928,908.5801463910028,908.5801463910028,,908.5801463910028,0.25,True,"{""communication_bytes"": 1.3976932677906006e-11, ""compute_time_seconds"": 0.012631782664756834, ""peak_memory_bytes"": 1.405500264783921e-10}",32035.15345976047,False,memory_capacity_exceeded;round_latency_exceeded,,,,,,,,
llama3_8b_qlora__tradefl_dynamic,meta-llama/Meta-Llama-3-8B,qlora,43,pubmedqa,real_federated,FedAvg,tradefl_dynamic,llama3_8b_qlora,0.7,"{""hospital_edge_required"": false, ""maximum_privacy_risk"": 0.5, ""maximum_round_latency_seconds"": 120, ""maximum_time_to_target_seconds"": 28800, ""memory_capacity_bytes"": 8589934592, ""minimum_validation_utility"": 0.4, ""public_cloud_allowed"": false, ""require_target_reached"": false}",0.69,0.4777987718469532,0.68,0.4916454262248655,0.21,2,,False,26515344384,370.1254131309979,81788928,1170.4567557899863,,1170.4567557899863,585.2283778949932,0.25,True,"{""communication_bytes"": 1.3976932677906006e-11, ""compute_time_seconds"": 0.012675788422413157, ""peak_memory_bytes"": 1.7714897257437023e-10}",38523.55449804517,False,memory_capacity_exceeded;round_latency_exceeded,,,,,,,,
llama3_8b_qlora__tradefl_dynamic,meta-llama/Meta-Llama-3-8B,qlora,44,pubmedqa,real_federated,FedAvg,tradefl_dynamic,llama3_8b_qlora,0.7,"{""hospital_edge_required"": false, ""maximum_privacy_risk"": 0.5, ""maximum_round_latency_seconds"": 120, ""maximum_time_to_target_seconds"": 28800, ""memory_capacity_bytes"": 8589934592, ""minimum_validation_utility"": 0.4, ""public_cloud_allowed"": false, ""require_target_reached"": false}",0.7,0.4775209550419101,0.68,0.4931364931364932,0.2,1,1.0,True,18695505920,375.1817859709845,81788928,915.7317619770184,915.7317619770184,,915.7317619770184,0.25,True,"{""communication_bytes"": 1.3976932677906006e-11, ""compute_time_seconds"": 0.01276357267310737, ""peak_memory_bytes"": 1.506543292895124e-10}",32713.83640812795,False,memory_capacity_exceeded;round_latency_exceeded,,,,,,,,
llama3_8b_qlora__tradefl_fixed,meta-llama/Meta-Llama-3-8B,qlora,42,pubmedqa,real_federated,FedAvg,tradefl_fixed,llama3_8b_qlora,0.7,"{""hospital_edge_required"": false, ""maximum_privacy_risk"": 0.5, ""maximum_round_latency_seconds"": 120, ""maximum_time_to_target_seconds"": 28800, ""memory_capacity_bytes"": 8589934592, ""minimum_validation_utility"": 0.4, ""public_cloud_allowed"": false, ""require_target_reached"": false}",0.71,0.5368663594470046,0.69,0.5013063632532658,0.19,1,1.0,True,26520587264,372.7092301970115,81788928,913.7652520709962,913.7652520709962,,913.7652520709962,0.25,True,"{""communication_bytes"": 1.862645149230957e-11, ""compute_time_seconds"": 0.008333333333333333, ""peak_memory_bytes"": 1.1641532182693481e-10}",32500.32037040753,False,memory_capacity_exceeded;round_latency_exceeded,,,,,,,,
llama3_8b_qlora__tradefl_fixed,meta-llama/Meta-Llama-3-8B,qlora,43,pubmedqa,real_federated,FedAvg,tradefl_fixed,llama3_8b_qlora,0.7,"{""hospital_edge_required"": false, ""maximum_privacy_risk"": 0.5, ""maximum_round_latency_seconds"": 120, ""maximum_time_to_target_seconds"": 28800, ""memory_capacity_bytes"": 8589934592, ""minimum_validation_utility"": 0.4, ""public_cloud_allowed"": false, ""require_target_reached"": false}",0.69,0.4777987718469532,0.69,0.4987004548408056,0.21,2,,False,26518490112,371.1457207769854,81788928,1172.695413112,,1172.695413112,586.347706556,0.25,True,"{""communication_bytes"": 1.862645149230957e-11, ""compute_time_seconds"": 0.008333333333333333, ""peak_memory_bytes"": 1.1641532182693481e-10}",38594.82313838367,False,memory_capacity_exceeded;round_latency_exceeded,,,,,,,,
llama3_8b_qlora__tradefl_fixed,meta-llama/Meta-Llama-3-8B,qlora,44,pubmedqa,real_federated,FedAvg,tradefl_fixed,llama3_8b_qlora,0.7,"{""hospital_edge_required"": false, ""maximum_privacy_risk"": 0.5, ""maximum_round_latency_seconds"": 120, ""maximum_time_to_target_seconds"": 28800, ""memory_capacity_bytes"": 8589934592, ""minimum_validation_utility"": 0.4, ""public_cloud_allowed"": false, ""require_target_reached"": false}",0.7,0.4775209550419101,0.68,0.4931364931364932,0.2,1,1.0,True,18691835904,376.7242527769995,81788928,917.4830543879943,917.4830543879943,,917.4830543879943,0.25,True,"{""communication_bytes"": 1.862645149230957e-11, ""compute_time_seconds"": 0.008333333333333333, ""peak_memory_bytes"": 1.1641532182693481e-10}",32837.055736467024,False,memory_capacity_exceeded;round_latency_exceeded,,,,,,,,
llama3_8b_qlora__independent,meta-llama/Meta-Llama-3-8B,qlora,42,pubmedqa,real_federated,FedAvg,independent,llama3_8b_qlora,0.7,"{""hospital_edge_required"": false, ""maximum_privacy_risk"": 0.5, ""maximum_round_latency_seconds"": 120, ""maximum_time_to_target_seconds"": 28800, ""memory_capacity_bytes"": 8589934592, ""minimum_validation_utility"": 0.4, ""public_cloud_allowed"": false, ""require_target_reached"": false}",0.69,0.4712503058478101,0.71,0.5128583128583128,0.21,2,,False,26514295808,375.8067037769943,81788928,1179.101730652008,,1179.101730652008,589.550865326004,0.25,True,"{""communication_bytes"": 1.862645149230957e-11, ""compute_time_seconds"": 0.008333333333333333, ""peak_memory_bytes"": 1.1641532182693481e-10}",38874.99207567528,False,memory_capacity_exceeded;round_latency_exceeded,,,,,,,,
llama3_8b_qlora__independent,meta-llama/Meta-Llama-3-8B,qlora,43,pubmedqa,real_federated,FedAvg,independent,llama3_8b_qlora,0.7,"{""hospital_edge_required"": false, ""maximum_privacy_risk"": 0.5, ""maximum_round_latency_seconds"": 120, ""maximum_time_to_target_seconds"": 28800, ""memory_capacity_bytes"": 8589934592, ""minimum_validation_utility"": 0.4, ""public_cloud_allowed"": false, ""require_target_reached"": false}",0.67,0.4647953216374269,0.69,0.4971778745363651,0.2299999999999999,2,,False,18695505920,368.9874688229757,81788928,1172.2204661890282,,1172.2204661890282,586.1102330945141,0.25,True,"{""communication_bytes"": 1.862645149230957e-11, ""compute_time_seconds"": 0.008333333333333333, ""peak_memory_bytes"": 1.1641532182693481e-10}",38613.54621097272,False,memory_capacity_exceeded;round_latency_exceeded,,,,,,,,
llama3_8b_qlora__independent,meta-llama/Meta-Llama-3-8B,qlora,44,pubmedqa,real_federated,FedAvg,independent,llama3_8b_qlora,0.7,"{""hospital_edge_required"": false, ""maximum_privacy_risk"": 0.5, ""maximum_round_latency_seconds"": 120, ""maximum_time_to_target_seconds"": 28800, ""memory_capacity_bytes"": 8589934592, ""minimum_validation_utility"": 0.4, ""public_cloud_allowed"": false, ""require_target_reached"": false}",0.71,0.4866650354783459,0.7,0.5071814030718141,0.19,1,1.0,True,18707040256,367.9326993669965,81788928,908.1049300419982,908.1049300419982,,908.1049300419982,0.25,True,"{""communication_bytes"": 1.862645149230957e-11, ""compute_time_seconds"": 0.008333333333333333, ""peak_memory_bytes"": 1.1641532182693481e-10}",32501.75683923056,False,memory_capacity_exceeded;round_latency_exceeded,,,,,,,,
llama3_8b_qlora__static_weighted_sum,meta-llama/Meta-Llama-3-8B,qlora,42,pubmedqa,real_federated,FedAvg,static_weighted_sum,llama3_8b_qlora,0.7,"{""hospital_edge_required"": false, ""maximum_privacy_risk"": 0.5, ""maximum_round_latency_seconds"": 120, ""maximum_time_to_target_seconds"": 28800, ""memory_capacity_bytes"": 8589934592, ""minimum_validation_utility"": 0.4, ""public_cloud_allowed"": false, ""require_target_reached"": false}",0.69,0.4712503058478101,0.71,0.5128583128583128,0.21,2,,False,26515344384,375.6924730259925,81788928,1178.2321567450126,,1178.2321567450126,589.1160783725063,0.25,True,"{""communication_bytes"": 1.862645149230957e-11, ""compute_time_seconds"": 0.008333333333333333, ""peak_memory_bytes"": 1.1641532182693481e-10}",38985.068326196255,False,memory_capacity_exceeded;round_latency_exceeded,,,,,,,,
llama3_8b_qlora__static_weighted_sum,meta-llama/Meta-Llama-3-8B,qlora,43,pubmedqa,real_federated,FedAvg,static_weighted_sum,llama3_8b_qlora,0.7,"{""hospital_edge_required"": false, ""maximum_privacy_risk"": 0.5, ""maximum_round_latency_seconds"": 120, ""maximum_time_to_target_seconds"": 28800, ""memory_capacity_bytes"": 8589934592, ""minimum_validation_utility"": 0.4, ""public_cloud_allowed"": false, ""require_target_reached"": false}",0.67,0.4647953216374269,0.69,0.4987004548408056,0.2299999999999999,2,,False,18695505920,366.5793971120147,81788928,1168.9765499880305,,1168.9765499880305,584.4882749940152,0.25,True,"{""communication_bytes"": 1.862645149230957e-11, ""compute_time_seconds"": 0.008333333333333333, ""peak_memory_bytes"": 1.1641532182693481e-10}",38426.85196838706,False,memory_capacity_exceeded;round_latency_exceeded,,,,,,,,
llama3_8b_qlora__static_weighted_sum,meta-llama/Meta-Llama-3-8B,qlora,44,pubmedqa,real_federated,FedAvg,static_weighted_sum,llama3_8b_qlora,0.7,"{""hospital_edge_required"": false, ""maximum_privacy_risk"": 0.5, ""maximum_round_latency_seconds"": 120, ""maximum_time_to_target_seconds"": 28800, ""memory_capacity_bytes"": 8589934592, ""minimum_validation_utility"": 0.4, ""public_cloud_allowed"": false, ""require_target_reached"": false}",0.7,0.4777038679477703,0.69,0.5068807339449541,0.2,1,1.0,True,18707040256,368.5699886499788,81788928,909.552338561014,909.552338561014,,909.552338561014,0.25,True,"{""communication_bytes"": 1.862645149230957e-11, ""compute_time_seconds"": 0.008333333333333333, ""peak_memory_bytes"": 1.1641532182693481e-10}",32479.863678515765,False,memory_capacity_exceeded;round_latency_exceeded,,,,,,,,
llama3_8b_qlora__greedy,meta-llama/Meta-Llama-3-8B,qlora,42,pubmedqa,real_federated,FedAvg,greedy,llama3_8b_qlora,0.7,"{""hospital_edge_required"": false, ""maximum_privacy_risk"": 0.5, ""maximum_round_latency_seconds"": 120, ""maximum_time_to_target_seconds"": 28800, ""memory_capacity_bytes"": 8589934592, ""minimum_validation_utility"": 0.4, ""public_cloud_allowed"": false, ""require_target_reached"": false}",0.7,0.5275316159250586,0.69,0.5013063632532658,0.2,1,1.0,True,26515344384,372.6977481310314,81788928,913.9995937210042,913.9995937210042,,913.9995937210042,0.25,True,"{""communication_bytes"": 1.862645149230957e-11, ""compute_time_seconds"": 0.008333333333333333, ""peak_memory_bytes"": 1.1641532182693481e-10}",32586.00111875167,False,memory_capacity_exceeded;round_latency_exceeded,,,,,,,,
llama3_8b_qlora__greedy,meta-llama/Meta-Llama-3-8B,qlora,43,pubmedqa,real_federated,FedAvg,greedy,llama3_8b_qlora,0.7,"{""hospital_edge_required"": false, ""maximum_privacy_risk"": 0.5, ""maximum_round_latency_seconds"": 120, ""maximum_time_to_target_seconds"": 28800, ""memory_capacity_bytes"": 8589934592, ""minimum_validation_utility"": 0.4, ""public_cloud_allowed"": false, ""require_target_reached"": false}",0.69,0.4777987718469532,0.7,0.505769622833843,0.21,2,,False,26527927296,370.79423402503016,81788928,1174.2349526409816,,1174.2349526409816,587.1174763204908,0.25,True,"{""communication_bytes"": 1.862645149230957e-11, ""compute_time_seconds"": 0.008333333333333333, ""peak_memory_bytes"": 1.1641532182693481e-10}",38678.95763747176,False,memory_capacity_exceeded;round_latency_exceeded,,,,,,,,
llama3_8b_qlora__greedy,meta-llama/Meta-Llama-3-8B,qlora,44,pubmedqa,real_federated,FedAvg,greedy,llama3_8b_qlora,0.7,"{""hospital_edge_required"": false, ""maximum_privacy_risk"": 0.5, ""maximum_round_latency_seconds"": 120, ""maximum_time_to_target_seconds"": 28800, ""memory_capacity_bytes"": 8589934592, ""minimum_validation_utility"": 0.4, ""public_cloud_allowed"": false, ""require_target_reached"": false}",0.7,0.4775209550419101,0.68,0.4931364931364932,0.2,1,1.0,True,18695505920,373.157568981027,81788928,914.3764915969804,914.3764915969804,,914.3764915969804,0.25,True,"{""communication_bytes"": 1.862645149230957e-11, ""compute_time_seconds"": 0.008333333333333333, ""peak_memory_bytes"": 1.1641532182693481e-10}",32763.70226208117,False,memory_capacity_exceeded;round_latency_exceeded,,,,,,,,
llama3_8b_lora__tradefl_dynamic,meta-llama/Meta-Llama-3-8B,lora,42,pubmedqa,real_federated,FedAvg,tradefl_dynamic,llama3_8b_lora,0.7,"{""hospital_edge_required"": false, ""maximum_privacy_risk"": 0.5, ""maximum_round_latency_seconds"": 120, ""maximum_time_to_target_seconds"": 28800, ""memory_capacity_bytes"": 8589934592, ""minimum_validation_utility"": 0.4, ""public_cloud_allowed"": false, ""require_target_reached"": false}",0.73,0.5043378150569466,0.74,0.5351104529186721,0.17,1,1.0,True,32215419904,149.8096923850244,81788928,655.7812576519791,655.7812576519791,,655.7812576519791,0.25,True,"{""communication_bytes"": 1.3976932677906006e-11, ""compute_time_seconds"": 0.008850862715017784, ""peak_memory_bytes"": 1.96461579643481e-10}",18042.36849847513,False,memory_capacity_exceeded;round_latency_exceeded,,,,,,,,
llama3_8b_lora__tradefl_dynamic,meta-llama/Meta-Llama-3-8B,lora,43,pubmedqa,real_federated,FedAvg,tradefl_dynamic,llama3_8b_lora,0.7,"{""hospital_edge_required"": false, ""maximum_privacy_risk"": 0.5, ""maximum_round_latency_seconds"": 120, ""maximum_time_to_target_seconds"": 28800, ""memory_capacity_bytes"": 8589934592, ""minimum_validation_utility"": 0.4, ""public_cloud_allowed"": false, ""require_target_reached"": false}",0.7,0.4843304843304843,0.72,0.5205611998064829,0.2,1,1.0,True,32215419904,149.79357449899544,81788928,660.6365455390187,660.6365455390187,,660.6365455390187,0.25,True,"{""communication_bytes"": 1.3976932677906006e-11, ""compute_time_seconds"": 0.008850582890607559, ""peak_memory_bytes"": 1.96461579643481e-10}",18044.456566317964,False,memory_capacity_exceeded;round_latency_exceeded,,,,,,,,
llama3_8b_lora__tradefl_dynamic,meta-llama/Meta-Llama-3-8B,lora,44,pubmedqa,real_federated,FedAvg,tradefl_dynamic,llama3_8b_lora,0.7,"{""hospital_edge_required"": false, ""maximum_privacy_risk"": 0.5, ""maximum_round_latency_seconds"": 120, ""maximum_time_to_target_seconds"": 28800, ""memory_capacity_bytes"": 8589934592, ""minimum_validation_utility"": 0.4, ""public_cloud_allowed"": false, ""require_target_reached"": false}",0.76,0.52605291005291,0.72,0.5217391304347826,0.14,1,1.0,True,32215419904,151.36631889099954,81788928,657.5642909820017,657.5642909820017,,657.5642909820017,0.25,True,"{""communication_bytes"": 1.3976932677906006e-11, ""compute_time_seconds"": 0.00887788748074652, ""peak_memory_bytes"": 1.96461579643481e-10}",18140.31513040978,False,memory_capacity_exceeded;round_latency_exceeded,,,,,,,,
llama3_8b_lora__tradefl_fixed,meta-llama/Meta-Llama-3-8B,lora,42,pubmedqa,real_federated,FedAvg,tradefl_fixed,llama3_8b_lora,0.7,"{""hospital_edge_required"": false, ""maximum_privacy_risk"": 0.5, ""maximum_round_latency_seconds"": 120, ""maximum_time_to_target_seconds"": 28800, ""memory_capacity_bytes"": 8589934592, ""minimum_validation_utility"": 0.4, ""public_cloud_allowed"": false, ""require_target_reached"": false}",0.74,0.5110117569133963,0.72,0.5207747196738022,0.16,1,1.0,True,32215419904,149.69984839399694,81788928,657.1794678930019,657.1794678930019,,657.1794678930019,0.25,True,"{""communication_bytes"": 1.862645149230957e-11, ""compute_time_seconds"": 0.008333333333333333, ""peak_memory_bytes"": 1.1641532182693481e-10}",18058.664459541305,False,memory_capacity_exceeded;round_latency_exceeded,,,,,,,,
llama3_8b_lora__tradefl_fixed,meta-llama/Meta-Llama-3-8B,lora,43,pubmedqa,real_federated,FedAvg,tradefl_fixed,llama3_8b_lora,0.7,"{""hospital_edge_required"": false, ""maximum_privacy_risk"": 0.5, ""maximum_round_latency_seconds"": 120, ""maximum_time_to_target_seconds"": 28800, ""memory_capacity_bytes"": 8589934592, ""minimum_validation_utility"": 0.4, ""public_cloud_allowed"": false, ""require_target_reached"": false}",0.69,0.4777987718469532,0.72,0.5205611998064829,0.21,2,,False,32215419904,149.8932158499956,81788928,883.1407989890431,,883.1407989890431,441.5703994945216,0.25,True,"{""communication_bytes"": 1.862645149230957e-11, ""compute_time_seconds"": 0.008333333333333333, ""peak_memory_bytes"": 1.1641532182693481e-10}",22668.101401606236,False,memory_capacity_exceeded;round_latency_exceeded,,,,,,,,
llama3_8b_lora__tradefl_fixed,meta-llama/Meta-Llama-3-8B,lora,44,pubmedqa,real_federated,FedAvg,tradefl_fixed,llama3_8b_lora,0.7,"{""hospital_edge_required"": false, ""maximum_privacy_risk"": 0.5, ""maximum_round_latency_seconds"": 120, ""maximum_time_to_target_seconds"": 28800, ""memory_capacity_bytes"": 8589934592, ""minimum_validation_utility"": 0.4, ""public_cloud_allowed"": false, ""require_target_reached"": false}",0.76,0.52605291005291,0.72,0.5217391304347826,0.14,1,1.0,True,32215419904,150.57724971399875,81788928,660.7037750000018,660.7037750000018,,660.7037750000018,0.25,True,"{""communication_bytes"": 1.862645149230957e-11, ""compute_time_seconds"": 0.008333333333333333, ""peak_memory_bytes"": 1.1641532182693481e-10}",18111.16849169017,False,memory_capacity_exceeded;round_latency_exceeded,,,,,,,,
llama3_8b_lora__independent,meta-llama/Meta-Llama-3-8B,lora,42,pubmedqa,real_federated,FedAvg,independent,llama3_8b_lora,0.7,"{""hospital_edge_required"": false, ""maximum_privacy_risk"": 0.5, ""maximum_round_latency_seconds"": 120, ""maximum_time_to_target_seconds"": 28800, ""memory_capacity_bytes"": 8589934592, ""minimum_validation_utility"": 0.4, ""public_cloud_allowed"": false, ""require_target_reached"": false}",0.74,0.5107762113109706,0.72,0.5207747196738022,0.16,1,1.0,True,32215419904,151.07077384597503,81788928,661.6501697189815,661.6501697189815,,661.6501697189815,0.25,True,"{""communication_bytes"": 1.862645149230957e-11, ""compute_time_seconds"": 0.008333333333333333, ""peak_memory_bytes"": 1.1641532182693481e-10}",18182.12260345336,False,memory_capacity_exceeded;round_latency_exceeded,,,,,,,,
llama3_8b_lora__independent,meta-llama/Meta-Llama-3-8B,lora,43,pubmedqa,real_federated,FedAvg,independent,llama3_8b_lora,0.7,"{""hospital_edge_required"": false, ""maximum_privacy_risk"": 0.5, ""maximum_round_latency_seconds"": 120, ""maximum_time_to_target_seconds"": 28800, ""memory_capacity_bytes"": 8589934592, ""minimum_validation_utility"": 0.4, ""public_cloud_allowed"": false, ""require_target_reached"": false}",0.7,0.4843304843304843,0.72,0.5205611998064829,0.2,1,1.0,True,32215419904,149.30840877699666,81788928,655.6441538810031,655.6441538810031,,655.6441538810031,0.25,True,"{""communication_bytes"": 1.862645149230957e-11, ""compute_time_seconds"": 0.008333333333333333, ""peak_memory_bytes"": 1.1641532182693481e-10}",18035.49487910554,False,memory_capacity_exceeded;round_latency_exceeded,,,,,,,,
llama3_8b_lora__independent,meta-llama/Meta-Llama-3-8B,lora,44,pubmedqa,real_federated,FedAvg,independent,llama3_8b_lora,0.7,"{""hospital_edge_required"": false, ""maximum_privacy_risk"": 0.5, ""maximum_round_latency_seconds"": 120, ""maximum_time_to_target_seconds"": 28800, ""memory_capacity_bytes"": 8589934592, ""minimum_validation_utility"": 0.4, ""public_cloud_allowed"": false, ""require_target_reached"": false}",0.72,0.4977124183006536,0.71,0.51364522417154,0.18,1,1.0,True,32215419904,150.17812097698334,81788928,655.3082520250173,655.3082520250173,,655.3082520250173,0.25,True,"{""communication_bytes"": 1.862645149230957e-11, ""compute_time_seconds"": 0.008333333333333333, ""peak_memory_bytes"": 1.1641532182693481e-10}",18091.62858383316,False,memory_capacity_exceeded;round_latency_exceeded,,,,,,,,
llama3_8b_lora__static_weighted_sum,meta-llama/Meta-Llama-3-8B,lora,42,pubmedqa,real_federated,FedAvg,static_weighted_sum,llama3_8b_lora,0.7,"{""hospital_edge_required"": false, ""maximum_privacy_risk"": 0.5, ""maximum_round_latency_seconds"": 120, ""maximum_time_to_target_seconds"": 28800, ""memory_capacity_bytes"": 8589934592, ""minimum_validation_utility"": 0.4, ""public_cloud_allowed"": false, ""require_target_reached"": false}",0.74,0.5107762113109706,0.72,0.5207747196738022,0.16,1,1.0,True,32215419904,150.62978477496654,81788928,657.4842344619974,657.4842344619974,,657.4842344619974,0.25,True,"{""communication_bytes"": 1.862645149230957e-11, ""compute_time_seconds"": 0.008333333333333333, ""peak_memory_bytes"": 1.1641532182693481e-10}",18181.38394004149,False,memory_capacity_exceeded;round_latency_exceeded,,,,,,,,
llama3_8b_lora__static_weighted_sum,meta-llama/Meta-Llama-3-8B,lora,43,pubmedqa,real_federated,FedAvg,static_weighted_sum,llama3_8b_lora,0.7,"{""hospital_edge_required"": false, ""maximum_privacy_risk"": 0.5, ""maximum_round_latency_seconds"": 120, ""maximum_time_to_target_seconds"": 28800, ""memory_capacity_bytes"": 8589934592, ""minimum_validation_utility"": 0.4, ""public_cloud_allowed"": false, ""require_target_reached"": false}",0.7,0.4860947904426165,0.72,0.5205611998064829,0.2,1,1.0,True,32215419904,149.58359840497724,81788928,660.6326110580121,660.6326110580121,,660.6326110580121,0.25,True,"{""communication_bytes"": 1.862645149230957e-11, ""compute_time_seconds"": 0.008333333333333333, ""peak_memory_bytes"": 1.1641532182693481e-10}",18083.06092186185,False,memory_capacity_exceeded;round_latency_exceeded,,,,,,,,
llama3_8b_lora__static_weighted_sum,meta-llama/Meta-Llama-3-8B,lora,44,pubmedqa,real_federated,FedAvg,static_weighted_sum,llama3_8b_lora,0.7,"{""hospital_edge_required"": false, ""maximum_privacy_risk"": 0.5, ""maximum_round_latency_seconds"": 120, ""maximum_time_to_target_seconds"": 28800, ""memory_capacity_bytes"": 8589934592, ""minimum_validation_utility"": 0.4, ""public_cloud_allowed"": false, ""require_target_reached"": false}",0.72,0.4977124183006536,0.72,0.5207747196738022,0.18,1,1.0,True,32215419904,150.0227203470131,81788928,658.8005495920079,658.8005495920079,,658.8005495920079,0.25,True,"{""communication_bytes"": 1.862645149230957e-11, ""compute_time_seconds"": 0.008333333333333333, ""peak_memory_bytes"": 1.1641532182693481e-10}",18156.6633100466,False,memory_capacity_exceeded;round_latency_exceeded,,,,,,,,
llama3_8b_lora__greedy,meta-llama/Meta-Llama-3-8B,lora,42,pubmedqa,real_federated,FedAvg,greedy,llama3_8b_lora,0.7,"{""hospital_edge_required"": false, ""maximum_privacy_risk"": 0.5, ""maximum_round_latency_seconds"": 120, ""maximum_time_to_target_seconds"": 28800, ""memory_capacity_bytes"": 8589934592, ""minimum_validation_utility"": 0.4, ""public_cloud_allowed"": false, ""require_target_reached"": false}",0.73,0.5043378150569466,0.73,0.5315068493150684,0.17,1,1.0,True,32215419904,149.53212565300055,81788928,659.1845526930119,659.1845526930119,,659.1845526930119,0.25,True,"{""communication_bytes"": 1.862645149230957e-11, ""compute_time_seconds"": 0.008333333333333333, ""peak_memory_bytes"": 1.1641532182693481e-10}",18125.056339539347,False,memory_capacity_exceeded;round_latency_exceeded,,,,,,,,
llama3_8b_lora__greedy,meta-llama/Meta-Llama-3-8B,lora,43,pubmedqa,real_federated,FedAvg,greedy,llama3_8b_lora,0.7,"{""hospital_edge_required"": false, ""maximum_privacy_risk"": 0.5, ""maximum_round_latency_seconds"": 120, ""maximum_time_to_target_seconds"": 28800, ""memory_capacity_bytes"": 8589934592, ""minimum_validation_utility"": 0.4, ""public_cloud_allowed"": false, ""require_target_reached"": false}",0.69,0.4777987718469532,0.73,0.5285899935022741,0.21,2,,False,32215419904,149.43992447000346,81788928,887.8817208939581,,887.8817208939581,443.9408604469791,0.25,True,"{""communication_bytes"": 1.862645149230957e-11, ""compute_time_seconds"": 0.008333333333333333, ""peak_memory_bytes"": 1.1641532182693481e-10}",22787.964152758737,False,memory_capacity_exceeded;round_latency_exceeded,,,,,,,,
llama3_8b_lora__greedy,meta-llama/Meta-Llama-3-8B,lora,44,pubmedqa,real_federated,FedAvg,greedy,llama3_8b_lora,0.7,"{""hospital_edge_required"": false, ""maximum_privacy_risk"": 0.5, ""maximum_round_latency_seconds"": 120, ""maximum_time_to_target_seconds"": 28800, ""memory_capacity_bytes"": 8589934592, ""minimum_validation_utility"": 0.4, ""public_cloud_allowed"": false, ""require_target_reached"": false}",0.76,0.52605291005291,0.72,0.5217391304347826,0.14,1,1.0,True,32215419904,150.64342585098348,81788928,659.2596053319867,659.2596053319867,,659.2596053319867,0.25,True,"{""communication_bytes"": 1.862645149230957e-11, ""compute_time_seconds"": 0.008333333333333333, ""peak_memory_bytes"": 1.1641532182693481e-10}",18184.46107700603,False,memory_capacity_exceeded;round_latency_exceeded,,,,,,,,
deepseek_r1_distill_llama_8b_lora__tradefl_dynamic,deepseek-ai/DeepSeek-R1-Distill-Llama-8B,lora,42,pubmedqa,real_federated,FedAvg,tradefl_dynamic,deepseek_r1_distill_llama_8b_lora,0.7,"{""hospital_edge_required"": false, ""maximum_privacy_risk"": 0.5, ""maximum_round_latency_seconds"": 120, ""maximum_time_to_target_seconds"": 28800, ""memory_capacity_bytes"": 8589934592, ""minimum_validation_utility"": 0.4, ""public_cloud_allowed"": false, ""require_target_reached"": false}",0.73,0.5079109680879592,0.65,0.4705128205128204,0.17,1,1.0,True,32215419904,148.9720352229779,81788928,642.860160043987,642.860160043987,,642.860160043987,0.25,True,"{""communication_bytes"": 1.3976932677906006e-11, ""compute_time_seconds"": 0.008836320055954477, ""peak_memory_bytes"": 1.96461579643481e-10}",17875.388942443067,False,memory_capacity_exceeded;round_latency_exceeded,,,,,,,,
deepseek_r1_distill_llama_8b_lora__tradefl_dynamic,deepseek-ai/DeepSeek-R1-Distill-Llama-8B,lora,43,pubmedqa,real_federated,FedAvg,tradefl_dynamic,deepseek_r1_distill_llama_8b_lora,0.7,"{""hospital_edge_required"": false, ""maximum_privacy_risk"": 0.5, ""maximum_round_latency_seconds"": 120, ""maximum_time_to_target_seconds"": 28800, ""memory_capacity_bytes"": 8589934592, ""minimum_validation_utility"": 0.4, ""public_cloud_allowed"": false, ""require_target_reached"": false}",0.73,0.5060087036371622,0.68,0.4907407407407407,0.17,1,1.0,True,32215419904,149.40363004498067,81788928,644.4416107760044,644.4416107760044,,644.4416107760044,0.25,True,"{""communication_bytes"": 1.3976932677906006e-11, ""compute_time_seconds"": 0.008843813021614248, ""peak_memory_bytes"": 1.96461579643481e-10}",17877.637051631387,False,memory_capacity_exceeded;round_latency_exceeded,,,,,,,,
deepseek_r1_distill_llama_8b_lora__tradefl_dynamic,deepseek-ai/DeepSeek-R1-Distill-Llama-8B,lora,44,pubmedqa,real_federated,FedAvg,tradefl_dynamic,deepseek_r1_distill_llama_8b_lora,0.7,"{""hospital_edge_required"": false, ""maximum_privacy_risk"": 0.5, ""maximum_round_latency_seconds"": 120, ""maximum_time_to_target_seconds"": 28800, ""memory_capacity_bytes"": 8589934592, ""minimum_validation_utility"": 0.4, ""public_cloud_allowed"": false, ""require_target_reached"": false}",0.76,0.5266898231325109,0.68,0.488429099671777,0.14,1,1.0,True,32215419904,151.00403779602493,81788928,644.954172622005,644.954172622005,,644.954172622005,0.25,True,"{""communication_bytes"": 1.3976932677906006e-11, ""compute_time_seconds"": 0.00887159787840321, ""peak_memory_bytes"": 1.96461579643481e-10}",17986.906161608465,False,memory_capacity_exceeded;round_latency_exceeded,,,,,,,,
deepseek_r1_distill_llama_8b_lora__tradefl_fixed,deepseek-ai/DeepSeek-R1-Distill-Llama-8B,lora,42,pubmedqa,real_federated,FedAvg,tradefl_fixed,deepseek_r1_distill_llama_8b_lora,0.7,"{""hospital_edge_required"": false, ""maximum_privacy_risk"": 0.5, ""maximum_round_latency_seconds"": 120, ""maximum_time_to_target_seconds"": 28800, ""memory_capacity_bytes"": 8589934592, ""minimum_validation_utility"": 0.4, ""public_cloud_allowed"": false, ""require_target_reached"": false}",0.73,0.5079109680879592,0.65,0.4699348755443686,0.17,1,1.0,True,32215419904,149.34100569001748,81788928,643.244045702013,643.244045702013,,643.244045702013,0.25,True,"{""communication_bytes"": 1.862645149230957e-11, ""compute_time_seconds"": 0.008333333333333333, ""peak_memory_bytes"": 1.1641532182693481e-10}",17849.421400871954,False,memory_capacity_exceeded;round_latency_exceeded,,,,,,,,
deepseek_r1_distill_llama_8b_lora__tradefl_fixed,deepseek-ai/DeepSeek-R1-Distill-Llama-8B,lora,43,pubmedqa,real_federated,FedAvg,tradefl_fixed,deepseek_r1_distill_llama_8b_lora,0.7,"{""hospital_edge_required"": false, ""maximum_privacy_risk"": 0.5, ""maximum_round_latency_seconds"": 120, ""maximum_time_to_target_seconds"": 28800, ""memory_capacity_bytes"": 8589934592, ""minimum_validation_utility"": 0.4, ""public_cloud_allowed"": false, ""require_target_reached"": false}",0.74,0.5130390184242711,0.67,0.4837556855100715,0.16,1,1.0,True,32215419904,149.372299731971,81788928,642.4391650790058,642.4391650790058,,642.4391650790058,0.25,True,"{""communication_bytes"": 1.862645149230957e-11, ""compute_time_seconds"": 0.008333333333333333, ""peak_memory_bytes"": 1.1641532182693481e-10}",17841.06217107683,False,memory_capacity_exceeded;round_latency_exceeded,,,,,,,,
deepseek_r1_distill_llama_8b_lora__tradefl_fixed,deepseek-ai/DeepSeek-R1-Distill-Llama-8B,lora,44,pubmedqa,real_federated,FedAvg,tradefl_fixed,deepseek_r1_distill_llama_8b_lora,0.7,"{""hospital_edge_required"": false, ""maximum_privacy_risk"": 0.5, ""maximum_round_latency_seconds"": 120, ""maximum_time_to_target_seconds"": 28800, ""memory_capacity_bytes"": 8589934592, ""minimum_validation_utility"": 0.4, ""public_cloud_allowed"": false, ""require_target_reached"": false}",0.75,0.5183220829315333,0.69,0.4966931216931217,0.15,1,1.0,True,32215419904,151.06154094601516,81788928,645.4521023700072,645.4521023700072,,645.4521023700072,0.25,True,"{""communication_bytes"": 1.862645149230957e-11, ""compute_time_seconds"": 0.008333333333333333, ""peak_memory_bytes"": 1.1641532182693481e-10}",17995.570106504423,False,memory_capacity_exceeded;round_latency_exceeded,,,,,,,,
deepseek_r1_distill_llama_8b_lora__independent,deepseek-ai/DeepSeek-R1-Distill-Llama-8B,lora,42,pubmedqa,real_federated,FedAvg,independent,deepseek_r1_distill_llama_8b_lora,0.7,"{""hospital_edge_required"": false, ""maximum_privacy_risk"": 0.5, ""maximum_round_latency_seconds"": 120, ""maximum_time_to_target_seconds"": 28800, ""memory_capacity_bytes"": 8589934592, ""minimum_validation_utility"": 0.4, ""public_cloud_allowed"": false, ""require_target_reached"": false}",0.72,0.50201126307321,0.65,0.4705128205128204,0.18,1,1.0,True,32215419904,150.68605543504236,81788928,644.4573515430093,644.4573515430093,,644.4573515430093,0.25,True,"{""communication_bytes"": 1.862645149230957e-11, ""compute_time_seconds"": 0.008333333333333333, ""peak_memory_bytes"": 1.1641532182693481e-10}",17902.814686509442,False,memory_capacity_exceeded;round_latency_exceeded,,,,,,,,
deepseek_r1_distill_llama_8b_lora__independent,deepseek-ai/DeepSeek-R1-Distill-Llama-8B,lora,43,pubmedqa,real_federated,FedAvg,independent,deepseek_r1_distill_llama_8b_lora,0.7,"{""hospital_edge_required"": false, ""maximum_privacy_risk"": 0.5, ""maximum_round_latency_seconds"": 120, ""maximum_time_to_target_seconds"": 28800, ""memory_capacity_bytes"": 8589934592, ""minimum_validation_utility"": 0.4, ""public_cloud_allowed"": false, ""require_target_reached"": false}",0.74,0.5130390184242711,0.67,0.4846483180428134,0.16,1,1.0,True,32215419904,149.35233114199946,81788928,644.1112551630067,644.1112551630067,,644.1112551630067,0.25,True,"{""communication_bytes"": 1.862645149230957e-11, ""compute_time_seconds"": 0.008333333333333333, ""peak_memory_bytes"": 1.1641532182693481e-10}",17843.628780220228,False,memory_capacity_exceeded;round_latency_exceeded,,,,,,,,
deepseek_r1_distill_llama_8b_lora__independent,deepseek-ai/DeepSeek-R1-Distill-Llama-8B,lora,44,pubmedqa,real_federated,FedAvg,independent,deepseek_r1_distill_llama_8b_lora,0.7,"{""hospital_edge_required"": false, ""maximum_privacy_risk"": 0.5, ""maximum_round_latency_seconds"": 120, ""maximum_time_to_target_seconds"": 28800, ""memory_capacity_bytes"": 8589934592, ""minimum_validation_utility"": 0.4, ""public_cloud_allowed"": false, ""require_target_reached"": false}",0.77,0.5335904853744777,0.68,0.488429099671777,0.13,1,1.0,True,32215419904,150.2101400750107,81788928,644.5092379010166,644.5092379010166,,644.5092379010166,0.25,True,"{""communication_bytes"": 1.862645149230957e-11, ""compute_time_seconds"": 0.008333333333333333, ""peak_memory_bytes"": 1.1641532182693481e-10}",17893.184221691918,False,memory_capacity_exceeded;round_latency_exceeded,,,,,,,,
deepseek_r1_distill_llama_8b_lora__static_weighted_sum,deepseek-ai/DeepSeek-R1-Distill-Llama-8B,lora,42,pubmedqa,real_federated,FedAvg,static_weighted_sum,deepseek_r1_distill_llama_8b_lora,0.7,"{""hospital_edge_required"": false, ""maximum_privacy_risk"": 0.5, ""maximum_round_latency_seconds"": 120, ""maximum_time_to_target_seconds"": 28800, ""memory_capacity_bytes"": 8589934592, ""minimum_validation_utility"": 0.4, ""public_cloud_allowed"": false, ""require_target_reached"": false}",0.72,0.50201126307321,0.65,0.4705128205128204,0.18,1,1.0,True,32215419904,150.6312027470267,81788928,645.4293849950191,645.4293849950191,,645.4293849950191,0.25,True,"{""communication_bytes"": 1.862645149230957e-11, ""compute_time_seconds"": 0.008333333333333333, ""peak_memory_bytes"": 1.1641532182693481e-10}",17940.29154425046,False,memory_capacity_exceeded;round_latency_exceeded,,,,,,,,
deepseek_r1_distill_llama_8b_lora__static_weighted_sum,deepseek-ai/DeepSeek-R1-Distill-Llama-8B,lora,43,pubmedqa,real_federated,FedAvg,static_weighted_sum,deepseek_r1_distill_llama_8b_lora,0.7,"{""hospital_edge_required"": false, ""maximum_privacy_risk"": 0.5, ""maximum_round_latency_seconds"": 120, ""maximum_time_to_target_seconds"": 28800, ""memory_capacity_bytes"": 8589934592, ""minimum_validation_utility"": 0.4, ""public_cloud_allowed"": false, ""require_target_reached"": false}",0.74,0.5130390184242711,0.66,0.4757594291539246,0.16,1,1.0,True,32215419904,149.40236459698644,81788928,644.3225685800135,644.3225685800135,,644.3225685800135,0.25,True,"{""communication_bytes"": 1.862645149230957e-11, ""compute_time_seconds"": 0.008333333333333333, ""peak_memory_bytes"": 1.1641532182693481e-10}",17810.25811827725,False,memory_capacity_exceeded;round_latency_exceeded,,,,,,,,
deepseek_r1_distill_llama_8b_lora__static_weighted_sum,deepseek-ai/DeepSeek-R1-Distill-Llama-8B,lora,44,pubmedqa,real_federated,FedAvg,static_weighted_sum,deepseek_r1_distill_llama_8b_lora,0.7,"{""hospital_edge_required"": false, ""maximum_privacy_risk"": 0.5, ""maximum_round_latency_seconds"": 120, ""maximum_time_to_target_seconds"": 28800, ""memory_capacity_bytes"": 8589934592, ""minimum_validation_utility"": 0.4, ""public_cloud_allowed"": false, ""require_target_reached"": false}",0.76,0.5266898231325109,0.68,0.488429099671777,0.14,1,1.0,True,32215419904,150.0777829020226,81788928,644.7943908989837,644.7943908989837,,644.7943908989837,0.25,True,"{""communication_bytes"": 1.862645149230957e-11, ""compute_time_seconds"": 0.008333333333333333, ""peak_memory_bytes"": 1.1641532182693481e-10}",17831.156201744834,False,memory_capacity_exceeded;round_latency_exceeded,,,,,,,,
deepseek_r1_distill_llama_8b_lora__greedy,deepseek-ai/DeepSeek-R1-Distill-Llama-8B,lora,42,pubmedqa,real_federated,FedAvg,greedy,deepseek_r1_distill_llama_8b_lora,0.7,"{""hospital_edge_required"": false, ""maximum_privacy_risk"": 0.5, ""maximum_round_latency_seconds"": 120, ""maximum_time_to_target_seconds"": 28800, ""memory_capacity_bytes"": 8589934592, ""minimum_validation_utility"": 0.4, ""public_cloud_allowed"": false, ""require_target_reached"": false}",0.73,0.5079109680879592,0.66,0.4769230769230769,0.17,1,1.0,True,32215419904,149.30297006401815,81788928,643.5425730339775,643.5425730339775,,643.5425730339775,0.25,True,"{""communication_bytes"": 1.862645149230957e-11, ""compute_time_seconds"": 0.008333333333333333, ""peak_memory_bytes"": 1.1641532182693481e-10}",17765.623724760364,False,memory_capacity_exceeded;round_latency_exceeded,,,,,,,,
deepseek_r1_distill_llama_8b_lora__greedy,deepseek-ai/DeepSeek-R1-Distill-Llama-8B,lora,43,pubmedqa,real_federated,FedAvg,greedy,deepseek_r1_distill_llama_8b_lora,0.7,"{""hospital_edge_required"": false, ""maximum_privacy_risk"": 0.5, ""maximum_round_latency_seconds"": 120, ""maximum_time_to_target_seconds"": 28800, ""memory_capacity_bytes"": 8589934592, ""minimum_validation_utility"": 0.4, ""public_cloud_allowed"": false, ""require_target_reached"": false}",0.74,0.5130390184242711,0.68,0.4907645259938838,0.16,1,1.0,True,32215419904,149.192667315976,81788928,648.9939073819842,648.9939073819842,,648.9939073819842,0.25,True,"{""communication_bytes"": 1.862645149230957e-11, ""compute_time_seconds"": 0.008333333333333333, ""peak_memory_bytes"": 1.1641532182693481e-10}",17858.17791841651,False,memory_capacity_exceeded;round_latency_exceeded,,,,,,,,
deepseek_r1_distill_llama_8b_lora__greedy,deepseek-ai/DeepSeek-R1-Distill-Llama-8B,lora,44,pubmedqa,real_federated,FedAvg,greedy,deepseek_r1_distill_llama_8b_lora,0.7,"{""hospital_edge_required"": false, ""maximum_privacy_risk"": 0.5, ""maximum_round_latency_seconds"": 120, ""maximum_time_to_target_seconds"": 28800, ""memory_capacity_bytes"": 8589934592, ""minimum_validation_utility"": 0.4, ""public_cloud_allowed"": false, ""require_target_reached"": false}",0.76,0.5253968253968254,0.69,0.4966931216931217,0.14,1,1.0,True,32215419904,150.94343626400223,81788928,645.2560719100002,645.2560719100002,,645.2560719100002,0.25,True,"{""communication_bytes"": 1.862645149230957e-11, ""compute_time_seconds"": 0.008333333333333333, ""peak_memory_bytes"": 1.1641532182693481e-10}",17945.725812950783,False,memory_capacity_exceeded;round_latency_exceeded,,,,,,,,
bio_clinicalbert_baseline__tradefl_dynamic,emilyalsentzer/Bio_ClinicalBERT,full_finetuning,42,pubmedqa,real_federated,FedAvg,tradefl_dynamic,bio_clinicalbert_baseline,0.7,"{""hospital_edge_required"": false, ""maximum_privacy_risk"": 0.5, ""maximum_round_latency_seconds"": 120, ""maximum_time_to_target_seconds"": 28800, ""memory_capacity_bytes"": 8589934592, ""minimum_validation_utility"": 0.4, ""public_cloud_allowed"": false, ""require_target_reached"": false}",0.59,0.2473794549266247,0.49,0.2192393736017897,0.31,20,,False,16575834624,583.240432218794,51990037920,788.6613162189897,,788.6613162189897,39.433065810949486,0.25,True,"{""communication_bytes"": 0.0, ""compute_time_seconds"": 0.0, ""peak_memory_bytes"": 1.8558686777455097e-12}",19443.79781302666,False,memory_capacity_exceeded,,,,,,,,
bio_clinicalbert_baseline__tradefl_dynamic,emilyalsentzer/Bio_ClinicalBERT,full_finetuning,43,pubmedqa,real_federated,FedAvg,tradefl_dynamic,bio_clinicalbert_baseline,0.7,"{""hospital_edge_required"": false, ""maximum_privacy_risk"": 0.5, ""maximum_round_latency_seconds"": 120, ""maximum_time_to_target_seconds"": 28800, ""memory_capacity_bytes"": 8589934592, ""minimum_validation_utility"": 0.4, ""public_cloud_allowed"": false, ""require_target_reached"": false}",0.59,0.2473794549266247,0.49,0.2192393736017897,0.31,20,,False,2252043264,582.3377034821606,51990037920,786.4009147510224,,786.4009147510224,39.32004573755112,0.25,True,"{""communication_bytes"": 0.0, ""compute_time_seconds"": 0.0, ""peak_memory_bytes"": 0.0}",19277.111492257514,True,,0.2621723413467407,0.5823377034821606,25.99501896,,0.655334095625852,0.5,1.5499999999999998,4.924143850855621
bio_clinicalbert_baseline__tradefl_dynamic,emilyalsentzer/Bio_ClinicalBERT,full_finetuning,44,pubmedqa,real_federated,FedAvg,tradefl_dynamic,bio_clinicalbert_baseline,0.7,"{""hospital_edge_required"": false, ""maximum_privacy_risk"": 0.5, ""maximum_round_latency_seconds"": 120, ""maximum_time_to_target_seconds"": 28800, ""memory_capacity_bytes"": 8589934592, ""minimum_validation_utility"": 0.4, ""public_cloud_allowed"": false, ""require_target_reached"": false}",0.53,0.3476989247311828,0.45,0.3729363165982884,0.37,20,,False,2252666880,582.7605662059796,51990037920,787.6011366799648,,787.6011366799648,39.38005683399824,0.25,True,"{""communication_bytes"": 0.0, ""compute_time_seconds"": 0.0, ""peak_memory_bytes"": 0.0}",19396.687131952855,True,,0.26224493980407715,0.5827605662059796,25.99501896,,0.6563342805666373,0.5,1.8499999999999999,4.974393125189327
bio_clinicalbert_baseline__tradefl_fixed,emilyalsentzer/Bio_ClinicalBERT,full_finetuning,42,pubmedqa,real_federated,FedAvg,tradefl_fixed,bio_clinicalbert_baseline,0.7,"{""hospital_edge_required"": false, ""maximum_privacy_risk"": 0.5, ""maximum_round_latency_seconds"": 120, ""maximum_time_to_target_seconds"": 28800, ""memory_capacity_bytes"": 8589934592, ""minimum_validation_utility"": 0.4, ""public_cloud_allowed"": false, ""require_target_reached"": false}",0.59,0.2473794549266247,0.49,0.2192393736017897,0.31,20,,False,2255413248,582.9609229869966,51990037920,789.4233141588629,,789.4233141588629,39.47116570794314,0.25,True,"{""communication_bytes"": 1.862645149230957e-11, ""compute_time_seconds"": 0.008333333333333333, ""peak_memory_bytes"": 1.1641532182693481e-10}",19367.035237618788,True,,0.26256465911865234,0.5829609229869966,25.99501896,,0.6578527617990524,0.5,1.5499999999999998,4.9247328847640635
bio_clinicalbert_baseline__tradefl_fixed,emilyalsentzer/Bio_ClinicalBERT,full_finetuning,43,pubmedqa,real_federated,FedAvg,tradefl_fixed,bio_clinicalbert_baseline,0.7,"{""hospital_edge_required"": false, ""maximum_privacy_risk"": 0.5, ""maximum_round_latency_seconds"": 120, ""maximum_time_to_target_seconds"": 28800, ""memory_capacity_bytes"": 8589934592, ""minimum_validation_utility"": 0.4, ""public_cloud_allowed"": false, ""require_target_reached"": false}",0.59,0.2473794549266247,0.49,0.2192393736017897,0.31,20,,False,2252043264,583.5619215500483,51990037920,792.7509500469605,,792.7509500469605,39.63754750234803,0.25,True,"{""communication_bytes"": 1.862645149230957e-11, ""compute_time_seconds"": 0.008333333333333333, ""peak_memory_bytes"": 1.1641532182693481e-10}",19387.86802949409,True,,0.2621723413467407,0.5835619215500483,25.99501896,,0.6606257917058004,0.5,1.5499999999999998,4.925229836547144
bio_clinicalbert_baseline__tradefl_fixed,emilyalsentzer/Bio_ClinicalBERT,full_finetuning,44,pubmedqa,real_federated,FedAvg,tradefl_fixed,bio_clinicalbert_baseline,0.7,"{""hospital_edge_required"": false, ""maximum_privacy_risk"": 0.5, ""maximum_round_latency_seconds"": 120, ""maximum_time_to_target_seconds"": 28800, ""memory_capacity_bytes"": 8589934592, ""minimum_validation_utility"": 0.4, ""public_cloud_allowed"": false, ""require_target_reached"": false}",0.59,0.2473794549266247,0.49,0.2192393736017897,0.31,20,,False,2252666880,582.1078639539191,51990037920,788.4491705280379,,788.4491705280379,39.4224585264019,0.25,True,"{""communication_bytes"": 1.862645149230957e-11, ""compute_time_seconds"": 0.008333333333333333, ""peak_memory_bytes"": 1.1641532182693481e-10}",19361.80842173494,True,,0.26224493980407715,0.5821078639539191,25.99501896,,0.6570409754400316,0.5,1.5499999999999998,4.924402123979552
bio_clinicalbert_baseline__independent,emilyalsentzer/Bio_ClinicalBERT,full_finetuning,42,pubmedqa,real_federated,FedAvg,independent,bio_clinicalbert_baseline,0.7,"{""hospital_edge_required"": false, ""maximum_privacy_risk"": 0.5, ""maximum_round_latency_seconds"": 120, ""maximum_time_to_target_seconds"": 28800, ""memory_capacity_bytes"": 8589934592, ""minimum_validation_utility"": 0.4, ""public_cloud_allowed"": false, ""require_target_reached"": false}",0.59,0.2473794549266247,0.49,0.2192393736017897,0.31,20,,False,2255413248,583.336578201066,51990037920,788.221779281972,,788.221779281972,39.4110889640986,0.25,True,"{""communication_bytes"": 1.862645149230957e-11, ""compute_time_seconds"": 0.008333333333333333, ""peak_memory_bytes"": 1.1641532182693481e-10}",19330.064922499107,True,,0.26256465911865234,0.583336578201066,25.99501896,,0.6568514827349766,0.5,1.5499999999999998,4.9246286141223745
bio_clinicalbert_baseline__independent,emilyalsentzer/Bio_ClinicalBERT,full_finetuning,43,pubmedqa,real_federated,FedAvg,independent,bio_clinicalbert_baseline,0.7,"{""hospital_edge_required"": false, ""maximum_privacy_risk"": 0.5, ""maximum_round_latency_seconds"": 120, ""maximum_time_to_target_seconds"": 28800, ""memory_capacity_bytes"": 8589934592, ""minimum_validation_utility"": 0.4, ""public_cloud_allowed"": false, ""require_target_reached"": false}",0.59,0.2473794549266247,0.49,0.2192393736017897,0.31,20,,False,2252043264,583.5638307049812,51990037920,788.2281052199542,,788.2281052199542,39.41140526099771,0.25,True,"{""communication_bytes"": 1.862645149230957e-11, ""compute_time_seconds"": 0.008333333333333333, ""peak_memory_bytes"": 1.1641532182693481e-10}",19249.08194367935,True,,0.2621723413467407,0.5835638307049812,25.99501896,,0.6568567543499618,0.5,1.5499999999999998,4.924601981846868
bio_clinicalbert_baseline__independent,emilyalsentzer/Bio_ClinicalBERT,full_finetuning,44,pubmedqa,real_federated,FedAvg,independent,bio_clinicalbert_baseline,0.7,"{""hospital_edge_required"": false, ""maximum_privacy_risk"": 0.5, ""maximum_round_latency_seconds"": 120, ""maximum_time_to_target_seconds"": 28800, ""memory_capacity_bytes"": 8589934592, ""minimum_validation_utility"": 0.4, ""public_cloud_allowed"": false, ""require_target_reached"": false}",0.59,0.2473794549266247,0.49,0.2192393736017897,0.31,20,,False,2252666880,583.5073947210913,51990037920,788.4076037749765,,788.4076037749765,39.42038018874882,0.25,True,"{""communication_bytes"": 1.862645149230957e-11, ""compute_time_seconds"": 0.008333333333333333, ""peak_memory_bytes"": 1.1641532182693481e-10}",19272.823752434902,True,,0.26224493980407715,0.5835073947210913,25.99501896,,0.6570063364791471,0.5,1.5499999999999998,4.924629605947311
bio_clinicalbert_baseline__static_weighted_sum,emilyalsentzer/Bio_ClinicalBERT,full_finetuning,42,pubmedqa,real_federated,FedAvg,static_weighted_sum,bio_clinicalbert_baseline,0.7,"{""hospital_edge_required"": false, ""maximum_privacy_risk"": 0.5, ""maximum_round_latency_seconds"": 120, ""maximum_time_to_target_seconds"": 28800, ""memory_capacity_bytes"": 8589934592, ""minimum_validation_utility"": 0.4, ""public_cloud_allowed"": false, ""require_target_reached"": false}",0.59,0.2473794549266247,0.49,0.2335600907029479,0.31,20,,False,2255413248,583.6210889380018,51990037920,787.296591441991,,787.296591441991,39.36482957209955,0.25,True,"{""communication_bytes"": 1.862645149230957e-11, ""compute_time_seconds"": 0.008333333333333333, ""peak_memory_bytes"": 1.1641532182693481e-10}",19305.70321080134,True,,0.26256465911865234,0.5836210889380018,25.99501896,,0.6560804928683258,0.5,1.5499999999999998,4.924547534267407
bio_clinicalbert_baseline__static_weighted_sum,emilyalsentzer/Bio_ClinicalBERT,full_finetuning,43,pubmedqa,real_federated,FedAvg,static_weighted_sum,bio_clinicalbert_baseline,0.7,"{""hospital_edge_required"": false, ""maximum_privacy_risk"": 0.5, ""maximum_round_latency_seconds"": 120, ""maximum_time_to_target_seconds"": 28800, ""memory_capacity_bytes"": 8589934592, ""minimum_validation_utility"": 0.4, ""public_cloud_allowed"": false, ""require_target_reached"": false}",0.59,0.2473794549266247,0.49,0.2192393736017897,0.31,20,,False,2252043264,582.6867293178802,51990037920,788.0488573790062,,788.0488573790062,39.40244286895031,0.25,True,"{""communication_bytes"": 1.862645149230957e-11, ""compute_time_seconds"": 0.008333333333333333, ""peak_memory_bytes"": 1.1641532182693481e-10}",19288.665164121536,True,,0.2621723413467407,0.5826867293178802,25.99501896,,0.6567073811491718,0.5,1.5499999999999998,4.924430902748852
bio_clinicalbert_baseline__static_weighted_sum,emilyalsentzer/Bio_ClinicalBERT,full_finetuning,44,pubmedqa,real_federated,FedAvg,static_weighted_sum,bio_clinicalbert_baseline,0.7,"{""hospital_edge_required"": false, ""maximum_privacy_risk"": 0.5, ""maximum_round_latency_seconds"": 120, ""maximum_time_to_target_seconds"": 28800, ""memory_capacity_bytes"": 8589934592, ""minimum_validation_utility"": 0.4, ""public_cloud_allowed"": false, ""require_target_reached"": false}",0.59,0.2473794549266247,0.49,0.2192393736017897,0.31,20,,False,2252666880,583.3463318039139,51990037920,787.2050694980717,,787.2050694980717,39.36025347490359,0.25,True,"{""communication_bytes"": 1.862645149230957e-11, ""compute_time_seconds"": 0.008333333333333333, ""peak_memory_bytes"": 1.1641532182693481e-10}",19284.636870411203,True,,0.26224493980407715,0.5833463318039139,25.99501896,,0.6560042245817264,0.5,1.5499999999999998,4.924435743478174
bio_clinicalbert_baseline__greedy,emilyalsentzer/Bio_ClinicalBERT,full_finetuning,42,pubmedqa,real_federated,FedAvg,greedy,bio_clinicalbert_baseline,0.7,"{""hospital_edge_required"": false, ""maximum_privacy_risk"": 0.5, ""maximum_round_latency_seconds"": 120, ""maximum_time_to_target_seconds"": 28800, ""memory_capacity_bytes"": 8589934592, ""minimum_validation_utility"": 0.4, ""public_cloud_allowed"": false, ""require_target_reached"": false}",0.59,0.2473794549266247,0.49,0.2192393736017897,0.31,20,,False,2255413248,583.415154342918,51990037920,788.9133178019256,,788.9133178019256,39.44566589009628,0.25,True,"{""communication_bytes"": 1.862645149230957e-11, ""compute_time_seconds"": 0.008333333333333333, ""peak_memory_bytes"": 1.1641532182693481e-10}",19297.215765451198,True,,0.26256465911865234,0.5834151543429179,25.99501896,,0.657427764834938,0.5,1.5499999999999998,4.924737757162699
bio_clinicalbert_baseline__greedy,emilyalsentzer/Bio_ClinicalBERT,full_finetuning,43,pubmedqa,real_federated,FedAvg,greedy,bio_clinicalbert_baseline,0.7,"{""hospital_edge_required"": false, ""maximum_privacy_risk"": 0.5, ""maximum_round_latency_seconds"": 120, ""maximum_time_to_target_seconds"": 28800, ""memory_capacity_bytes"": 8589934592, ""minimum_validation_utility"": 0.4, ""public_cloud_allowed"": false, ""require_target_reached"": false}",0.59,0.2473794549266247,0.49,0.2192393736017897,0.31,20,,False,2252043264,583.477646187006,51990037920,788.3856888869486,,788.3856888869486,39.41928444434743,0.25,True,"{""communication_bytes"": 1.862645149230957e-11, ""compute_time_seconds"": 0.008333333333333333, ""peak_memory_bytes"": 1.1641532182693481e-10}",19317.037993024376,True,,0.2621723413467407,0.583477646187006,25.99501896,,0.6569880740724572,0.5,1.5499999999999998,4.924609504380956
bio_clinicalbert_baseline__greedy,emilyalsentzer/Bio_ClinicalBERT,full_finetuning,44,pubmedqa,real_federated,FedAvg,greedy,bio_clinicalbert_baseline,0.7,"{""hospital_edge_required"": false, ""maximum_privacy_risk"": 0.5, ""maximum_round_latency_seconds"": 120, ""maximum_time_to_target_seconds"": 28800, ""memory_capacity_bytes"": 8589934592, ""minimum_validation_utility"": 0.4, ""public_cloud_allowed"": false, ""require_target_reached"": false}",0.59,0.2473794549266247,0.49,0.2192393736017897,0.31,20,,False,2252666880,583.2136396769783,51990037920,793.755603289057,,793.755603289057,39.68778016445285,0.25,True,"{""communication_bytes"": 1.862645149230957e-11, ""compute_time_seconds"": 0.008333333333333333, ""peak_memory_bytes"": 1.1641532182693481e-10}",19449.912525967768,True,,0.26224493980407715,0.5832136396769784,25.99501896,,0.6614630027408809,0.5,1.5499999999999998,4.925323424483721
bio_clinicalbert_splitfed__tradefl_dynamic,emilyalsentzer/Bio_ClinicalBERT,splitfed,42,pubmedqa,real_federated,FedAvg,tradefl_dynamic,bio_clinicalbert_splitfed,0.7,"{""hospital_edge_required"": false, ""maximum_privacy_risk"": 0.5, ""maximum_round_latency_seconds"": 120, ""maximum_time_to_target_seconds"": 28800, ""memory_capacity_bytes"": 8589934592, ""minimum_validation_utility"": 0.4, ""public_cloud_allowed"": false, ""require_target_reached"": false}",0.59,0.2473794549266247,0.49,0.2192393736017897,0.31,20,,False,2256506880,582.8686230179737,73257149856,789.9431010499829,,789.9431010499829,39.497155052499146,0.25,True,"{""communication_bytes"": 0.0, ""compute_time_seconds"": 0.0, ""peak_memory_bytes"": 0.0}",19463.677468499405,True,,0.2626919746398926,0.5828686230179737,36.628574928,,0.6582859175416524,0.5,1.5499999999999998,6.697070241667666
bio_clinicalbert_splitfed__tradefl_dynamic,emilyalsentzer/Bio_ClinicalBERT,splitfed,43,pubmedqa,real_federated,FedAvg,tradefl_dynamic,bio_clinicalbert_splitfed,0.7,"{""hospital_edge_required"": false, ""maximum_privacy_risk"": 0.5, ""maximum_round_latency_seconds"": 120, ""maximum_time_to_target_seconds"": 28800, ""memory_capacity_bytes"": 8589934592, ""minimum_validation_utility"": 0.4, ""public_cloud_allowed"": false, ""require_target_reached"": false}",0.59,0.2473794549266247,0.49,0.2192393736017897,0.31,20,,False,2252164608,583.9570612328534,73225520544,793.7297150270024,,793.7297150270024,39.68648575135012,0.25,True,"{""communication_bytes"": 0.0, ""compute_time_seconds"": 0.0, ""peak_memory_bytes"": 0.0}",19383.375636144447,True,,0.2621864676475525,0.5839570612328534,36.612760272,,0.6614414291891687,0.5,1.5499999999999998,6.695057539478941
bio_clinicalbert_splitfed__tradefl_dynamic,emilyalsentzer/Bio_ClinicalBERT,splitfed,44,pubmedqa,real_federated,FedAvg,tradefl_dynamic,bio_clinicalbert_splitfed,0.7,"{""hospital_edge_required"": false, ""maximum_privacy_risk"": 0.5, ""maximum_round_latency_seconds"": 120, ""maximum_time_to_target_seconds"": 28800, ""memory_capacity_bytes"": 8589934592, ""minimum_validation_utility"": 0.4, ""public_cloud_allowed"": false, ""require_target_reached"": false}",0.59,0.2473794549266247,0.49,0.2192393736017897,0.31,20,,False,2250270720,584.3623972378846,73252271520,798.847525688092,,798.847525688092,39.9423762844046,0.25,True,"{""communication_bytes"": 0.0, ""compute_time_seconds"": 0.0, ""peak_memory_bytes"": 0.0}",19485.649397934674,True,,0.2619659900665283,0.5843623972378846,36.62613576,,0.6657062714067433,0.5,1.5499999999999998,6.69802840425313
bio_clinicalbert_splitfed__tradefl_fixed,emilyalsentzer/Bio_ClinicalBERT,splitfed,42,pubmedqa,real_federated,FedAvg,tradefl_fixed,bio_clinicalbert_splitfed,0.7,"{""hospital_edge_required"": false, ""maximum_privacy_risk"": 0.5, ""maximum_round_latency_seconds"": 120, ""maximum_time_to_target_seconds"": 28800, ""memory_capacity_bytes"": 8589934592, ""minimum_validation_utility"": 0.4, ""public_cloud_allowed"": false, ""require_target_reached"": false}",0.59,0.2473794549266247,0.49,0.2192393736017897,0.31,20,,False,2252054016,584.4781202609593,73216679328,792.039228953945,,792.039228953945,39.60196144769725,0.25,True,"{""communication_bytes"": 1.862645149230957e-11, ""compute_time_seconds"": 0.008333333333333333, ""peak_memory_bytes"": 1.1641532182693481e-10}",19420.478925822663,True,,0.262173593044281,0.5844781202609592,36.608339664,,0.6600326907949542,0.5,1.5499999999999998,6.694170679150533
bio_clinicalbert_splitfed__tradefl_fixed,emilyalsentzer/Bio_ClinicalBERT,splitfed,43,pubmedqa,real_federated,FedAvg,tradefl_fixed,bio_clinicalbert_splitfed,0.7,"{""hospital_edge_required"": false, ""maximum_privacy_risk"": 0.5, ""maximum_round_latency_seconds"": 120, ""maximum_time_to_target_seconds"": 28800, ""memory_capacity_bytes"": 8589934592, ""minimum_validation_utility"": 0.4, ""public_cloud_allowed"": false, ""require_target_reached"": false}",0.59,0.2473794549266247,0.49,0.2192393736017897,0.31,20,,False,2248756224,584.5227999028575,73203918240,787.4238958940841,,787.4238958940841,39.37119479470421,0.25,True,"{""communication_bytes"": 1.862645149230957e-11, ""compute_time_seconds"": 0.008333333333333333, ""peak_memory_bytes"": 1.1641532182693481e-10}",19268.366790541,True,,0.2617896795272827,0.5845227999028575,36.60195912,,0.6561865799117368,0.5,1.5499999999999998,6.692409697690461
bio_clinicalbert_splitfed__tradefl_fixed,emilyalsentzer/Bio_ClinicalBERT,splitfed,44,pubmedqa,real_federated,FedAvg,tradefl_fixed,bio_clinicalbert_splitfed,0.7,"{""hospital_edge_required"": false, ""maximum_privacy_risk"": 0.5, ""maximum_round_latency_seconds"": 120, ""maximum_time_to_target_seconds"": 28800, ""memory_capacity_bytes"": 8589934592, ""minimum_validation_utility"": 0.4, ""public_cloud_allowed"": false, ""require_target_reached"": false}",0.59,0.2473794549266247,0.49,0.2192393736017897,0.31,20,,False,2250233856,584.7299789840181,73252271520,788.8997349280107,,788.8997349280107,39.44498674640054,0.25,True,"{""communication_bytes"": 1.862645149230957e-11, ""compute_time_seconds"": 0.008333333333333333, ""peak_memory_bytes"": 1.1641532182693481e-10}",19460.555875024955,True,,0.2619616985321045,0.5847299789840181,36.62613576,,0.6574164457733422,0.5,1.5499999999999998,6.696707315015918
bio_clinicalbert_splitfed__independent,emilyalsentzer/Bio_ClinicalBERT,splitfed,42,pubmedqa,real_federated,FedAvg,independent,bio_clinicalbert_splitfed,0.7,"{""hospital_edge_required"": false, ""maximum_privacy_risk"": 0.5, ""maximum_round_latency_seconds"": 120, ""maximum_time_to_target_seconds"": 28800, ""memory_capacity_bytes"": 8589934592, ""minimum_validation_utility"": 0.4, ""public_cloud_allowed"": false, ""require_target_reached"": false}",0.59,0.2473794549266247,0.49,0.2192393736017897,0.31,20,,False,2250769920,584.1557674279902,73474629024,788.0563487819745,,788.0563487819745,39.402817439098726,0.25,True,"{""communication_bytes"": 1.862645149230957e-11, ""compute_time_seconds"": 0.008333333333333333, ""peak_memory_bytes"": 1.1641532182693481e-10}",19430.79828811952,True,,0.2620241045951843,0.5841557674279902,36.737314512,,0.6567136239849788,0.5,1.5499999999999998,6.7150346691393645
bio_clinicalbert_splitfed__independent,emilyalsentzer/Bio_ClinicalBERT,splitfed,43,pubmedqa,real_federated,FedAvg,independent,bio_clinicalbert_splitfed,0.7,"{""hospital_edge_required"": false, ""maximum_privacy_risk"": 0.5, ""maximum_round_latency_seconds"": 120, ""maximum_time_to_target_seconds"": 28800, ""memory_capacity_bytes"": 8589934592, ""minimum_validation_utility"": 0.4, ""public_cloud_allowed"": false, ""require_target_reached"": false}",0.59,0.2473794549266247,0.49,0.2192393736017897,0.31,20,,False,2250106368,583.823368572077,73234116000,789.9670987929567,,789.9670987929567,39.49835493964783,0.25,True,"{""communication_bytes"": 1.862645149230957e-11, ""compute_time_seconds"": 0.008333333333333333, ""peak_memory_bytes"": 1.1641532182693481e-10}",19405.876294081456,True,,0.2619468569755554,0.5838233685720771,36.617058,,0.6583059156607972,0.5,1.5499999999999998,6.6951890246687755
bio_clinicalbert_splitfed__independent,emilyalsentzer/Bio_ClinicalBERT,splitfed,44,pubmedqa,real_federated,FedAvg,independent,bio_clinicalbert_splitfed,0.7,"{""hospital_edge_required"": false, ""maximum_privacy_risk"": 0.5, ""maximum_round_latency_seconds"": 120, ""maximum_time_to_target_seconds"": 28800, ""memory_capacity_bytes"": 8589934592, ""minimum_validation_utility"": 0.4, ""public_cloud_allowed"": false, ""require_target_reached"": false}",0.59,0.2473794549266247,0.49,0.2192393736017897,0.31,20,,False,2248524288,583.9253582521051,73288336800,786.6080585479212,,786.6080585479212,39.33040292739607,0.25,True,"{""communication_bytes"": 1.862645149230957e-11, ""compute_time_seconds"": 0.008333333333333333, ""peak_memory_bytes"": 1.1641532182693481e-10}",19366.4504491038,True,,0.26176267862319946,0.5839253582521051,36.6441684,,0.655506715456601,0.5,1.5499999999999998,6.699227193190163
bio_clinicalbert_splitfed__static_weighted_sum,emilyalsentzer/Bio_ClinicalBERT,splitfed,42,pubmedqa,real_federated,FedAvg,static_weighted_sum,bio_clinicalbert_splitfed,0.7,"{""hospital_edge_required"": false, ""maximum_privacy_risk"": 0.5, ""maximum_round_latency_seconds"": 120, ""maximum_time_to_target_seconds"": 28800, ""memory_capacity_bytes"": 8589934592, ""minimum_validation_utility"": 0.4, ""public_cloud_allowed"": false, ""require_target_reached"": false}",0.59,0.2473794549266247,0.49,0.2192393736017897,0.31,20,,False,2254749696,584.3975612140785,73066335648,786.4295282369712,,786.4295282369712,39.321476411848565,0.25,True,"{""communication_bytes"": 1.862645149230957e-11, ""compute_time_seconds"": 0.008333333333333333, ""peak_memory_bytes"": 1.1641532182693481e-10}",19321.57409140653,True,,0.26248741149902344,0.5843975612140785,36.533167824,,0.6553579401974761,0.5,1.5499999999999998,6.680901790616277
bio_clinicalbert_splitfed__static_weighted_sum,emilyalsentzer/Bio_ClinicalBERT,splitfed,43,pubmedqa,real_federated,FedAvg,static_weighted_sum,bio_clinicalbert_splitfed,0.7,"{""hospital_edge_required"": false, ""maximum_privacy_risk"": 0.5, ""maximum_round_latency_seconds"": 120, ""maximum_time_to_target_seconds"": 28800, ""memory_capacity_bytes"": 8589934592, ""minimum_validation_utility"": 0.4, ""public_cloud_allowed"": false, ""require_target_reached"": false}",0.59,0.2473794549266247,0.49,0.2192393736017897,0.31,20,,False,2248525824,584.2932940449391,73046908320,789.3416797569371,,789.3416797569371,39.467083987846856,0.25,True,"{""communication_bytes"": 1.862645149230957e-11, ""compute_time_seconds"": 0.008333333333333333, ""peak_memory_bytes"": 1.1641532182693481e-10}",19362.79903334701,True,,0.2617628574371338,0.5842932940449391,36.52345416,,0.6577847331307809,0.5,1.5499999999999998,6.679549175233053
bio_clinicalbert_splitfed__static_weighted_sum,emilyalsentzer/Bio_ClinicalBERT,splitfed,44,pubmedqa,real_federated,FedAvg,static_weighted_sum,bio_clinicalbert_splitfed,0.7,"{""hospital_edge_required"": false, ""maximum_privacy_risk"": 0.5, ""maximum_round_latency_seconds"": 120, ""maximum_time_to_target_seconds"": 28800, ""memory_capacity_bytes"": 8589934592, ""minimum_validation_utility"": 0.4, ""public_cloud_allowed"": false, ""require_target_reached"": false}",0.35,0.1728395061728395,0.4,0.1904761904761905,0.55,20,,False,2251530240,584.2643119258864,73288349088,786.3019453310117,,786.3019453310117,39.31509726655058,0.25,True,"{""communication_bytes"": 1.862645149230957e-11, ""compute_time_seconds"": 0.008333333333333333, ""peak_memory_bytes"": 1.1641532182693481e-10}",19383.13801204799,False,minimum_validation_utility_not_met,,,,,,,,
bio_clinicalbert_splitfed__greedy,emilyalsentzer/Bio_ClinicalBERT,splitfed,42,pubmedqa,real_federated,FedAvg,greedy,bio_clinicalbert_splitfed,0.7,"{""hospital_edge_required"": false, ""maximum_privacy_risk"": 0.5, ""maximum_round_latency_seconds"": 120, ""maximum_time_to_target_seconds"": 28800, ""memory_capacity_bytes"": 8589934592, ""minimum_validation_utility"": 0.4, ""public_cloud_allowed"": false, ""require_target_reached"": false}",0.59,0.2473794549266247,0.49,0.2192393736017897,0.31,20,,False,2254749696,584.6247288129525,73221766560,787.0530793920043,,787.0530793920043,39.35265396960021,0.25,True,"{""communication_bytes"": 1.862645149230957e-11, ""compute_time_seconds"": 0.008333333333333333, ""peak_memory_bytes"": 1.1641532182693481e-10}",19312.811907965613,True,,0.26248741149902344,0.5846247288129526,36.61088328,,0.6558775661600036,0.5,1.5499999999999998,6.693978832212459
bio_clinicalbert_splitfed__greedy,emilyalsentzer/Bio_ClinicalBERT,splitfed,43,pubmedqa,real_federated,FedAvg,greedy,bio_clinicalbert_splitfed,0.7,"{""hospital_edge_required"": false, ""maximum_privacy_risk"": 0.5, ""maximum_round_latency_seconds"": 120, ""maximum_time_to_target_seconds"": 28800, ""memory_capacity_bytes"": 8589934592, ""minimum_validation_utility"": 0.4, ""public_cloud_allowed"": false, ""require_target_reached"": false}",0.59,0.2473794549266247,0.49,0.2192393736017897,0.31,20,,False,2248525824,584.4355665260518,73225520544,787.2609017249779,,787.2609017249779,39.363045086248896,0.25,True,"{""communication_bytes"": 1.862645149230957e-11, ""compute_time_seconds"": 0.008333333333333333, ""peak_memory_bytes"": 1.1641532182693481e-10}",19282.13182020969,True,,0.2617628574371338,0.5844355665260519,36.612760272,,0.6560507514374816,0.5,1.5499999999999998,6.6941682423672795
bio_clinicalbert_splitfed__greedy,emilyalsentzer/Bio_ClinicalBERT,splitfed,44,pubmedqa,real_federated,FedAvg,greedy,bio_clinicalbert_splitfed,0.7,"{""hospital_edge_required"": false, ""maximum_privacy_risk"": 0.5, ""maximum_round_latency_seconds"": 120, ""maximum_time_to_target_seconds"": 28800, ""memory_capacity_bytes"": 8589934592, ""minimum_validation_utility"": 0.4, ""public_cloud_allowed"": false, ""require_target_reached"": false}",0.59,0.2473794549266247,0.49,0.2192393736017897,0.31,20,,False,2251530240,584.64887843217,73252271520,786.4965151280339,,786.4965151280339,39.324825756401694,0.25,True,"{""communication_bytes"": 1.862645149230957e-11, ""compute_time_seconds"": 0.008333333333333333, ""peak_memory_bytes"": 1.1641532182693481e-10}",19350.879948553047,True,,0.2621126174926758,0.5846488784321701,36.62613576,,0.6554137626066949,0.5,1.5499999999999998,6.696385170889533
bio_clinicalbert_federated_distillation__tradefl_dynamic,emilyalsentzer/Bio_ClinicalBERT,federated_distillation,42,pubmedqa,real_federated,FedAvg,tradefl_dynamic,bio_clinicalbert_federated_distillation,0.7,"{""hospital_edge_required"": false, ""maximum_privacy_risk"": 0.5, ""maximum_round_latency_seconds"": 120, ""maximum_time_to_target_seconds"": 28800, ""memory_capacity_bytes"": 8589934592, ""minimum_validation_utility"": 0.4, ""public_cloud_allowed"": false, ""require_target_reached"": false}",0.59,0.2473794549266247,0.49,0.2192393736017897,0.31,20,,False,2688008704,690.4149842750339,51990037920,898.1513812489866,,898.1513812489866,44.907569062449326,0.25,True,"{""communication_bytes"": 0.0, ""compute_time_seconds"": 0.0, ""peak_memory_bytes"": 0.0}",27358.795843761895,True,,0.31292539834976196,0.6904149842750339,25.99501896,,0.7484594843741554,0.5,1.5499999999999998,4.9661364719547185
bio_clinicalbert_federated_distillation__tradefl_dynamic,emilyalsentzer/Bio_ClinicalBERT,federated_distillation,43,pubmedqa,real_federated,FedAvg,tradefl_dynamic,bio_clinicalbert_federated_distillation,0.7,"{""hospital_edge_required"": false, ""maximum_privacy_risk"": 0.5, ""maximum_round_latency_seconds"": 120, ""maximum_time_to_target_seconds"": 28800, ""memory_capacity_bytes"": 8589934592, ""minimum_validation_utility"": 0.4, ""public_cloud_allowed"": false, ""require_target_reached"": false}",0.59,0.2473794549266247,0.49,0.2192393736017897,0.31,20,,False,2682351616,691.258372670185,51990037920,904.8910896900634,,904.8910896900634,45.24455448450317,0.25,True,"{""communication_bytes"": 0.0, ""compute_time_seconds"": 0.0, ""peak_memory_bytes"": 0.0}",27484.006282845286,True,,0.31226682662963867,0.6912583726701851,25.99501896,,0.7540759080750529,0.5,1.5499999999999998,4.967103345350901
bio_clinicalbert_federated_distillation__tradefl_dynamic,emilyalsentzer/Bio_ClinicalBERT,federated_distillation,44,pubmedqa,real_federated,FedAvg,tradefl_dynamic,bio_clinicalbert_federated_distillation,0.7,"{""hospital_edge_required"": false, ""maximum_privacy_risk"": 0.5, ""maximum_round_latency_seconds"": 120, ""maximum_time_to_target_seconds"": 28800, ""memory_capacity_bytes"": 8589934592, ""minimum_validation_utility"": 0.4, ""public_cloud_allowed"": false, ""require_target_reached"": false}",0.59,0.2473794549266247,0.49,0.2192393736017897,0.31,20,,False,2682649600,690.777678665123,51990037920,902.4343225400952,,902.4343225400952,45.12171612700477,0.25,True,"{""communication_bytes"": 0.0, ""compute_time_seconds"": 0.0, ""peak_memory_bytes"": 0.0}",27459.223164686315,True,,0.31230151653289795,0.690777678665123,25.99501896,,0.752028602116746,0.5,1.5499999999999998,4.966687793674132
bio_clinicalbert_federated_distillation__tradefl_fixed,emilyalsentzer/Bio_ClinicalBERT,federated_distillation,42,pubmedqa,real_federated,FedAvg,tradefl_fixed,bio_clinicalbert_federated_distillation,0.7,"{""hospital_edge_required"": false, ""maximum_privacy_risk"": 0.5, ""maximum_round_latency_seconds"": 120, ""maximum_time_to_target_seconds"": 28800, ""memory_capacity_bytes"": 8589934592, ""minimum_validation_utility"": 0.4, ""public_cloud_allowed"": false, ""require_target_reached"": false}",0.59,0.2473794549266247,0.49,0.2192393736017897,0.31,20,,False,2688008704,688.8885988318943,51990037920,896.3971822668973,,896.3971822668973,44.81985911334486,0.25,True,"{""communication_bytes"": 1.862645149230957e-11, ""compute_time_seconds"": 0.008333333333333333, ""peak_memory_bytes"": 1.1641532182693481e-10}",27429.43349757533,True,,0.31292539834976196,0.6888885988318943,25.99501896,,0.7469976518890811,0.5,1.5499999999999998,4.965638435633251
bio_clinicalbert_federated_distillation__tradefl_fixed,emilyalsentzer/Bio_ClinicalBERT,federated_distillation,43,pubmedqa,real_federated,FedAvg,tradefl_fixed,bio_clinicalbert_federated_distillation,0.7,"{""hospital_edge_required"": false, ""maximum_privacy_risk"": 0.5, ""maximum_round_latency_seconds"": 120, ""maximum_time_to_target_seconds"": 28800, ""memory_capacity_bytes"": 8589934592, ""minimum_validation_utility"": 0.4, ""public_cloud_allowed"": false, ""require_target_reached"": false}",0.59,0.2473794549266247,0.49,0.2192393736017897,0.31,20,,False,2685285376,690.0175110610726,51990037920,895.5507950619794,,895.5507950619794,44.77753975309897,0.25,True,"{""communication_bytes"": 1.862645149230957e-11, ""compute_time_seconds"": 0.008333333333333333, ""peak_memory_bytes"": 1.1641532182693481e-10}",27331.28474859913,True,,0.31260836124420166,0.6900175110610726,25.99501896,,0.7462923292183162,0.5,1.5499999999999998,4.965656194375397
bio_clinicalbert_federated_distillation__tradefl_fixed,emilyalsentzer/Bio_ClinicalBERT,federated_distillation,44,pubmedqa,real_federated,FedAvg,tradefl_fixed,bio_clinicalbert_federated_distillation,0.7,"{""hospital_edge_required"": false, ""maximum_privacy_risk"": 0.5, ""maximum_round_latency_seconds"": 120, ""maximum_time_to_target_seconds"": 28800, ""memory_capacity_bytes"": 8589934592, ""minimum_validation_utility"": 0.4, ""public_cloud_allowed"": false, ""require_target_reached"": false}",0.59,0.2473794549266247,0.49,0.2192393736017897,0.31,20,,False,2681540608,689.9706855210243,51990037920,894.3451642020082,,894.3451642020082,44.71725821010041,0.25,True,"{""communication_bytes"": 1.862645149230957e-11, ""compute_time_seconds"": 0.008333333333333333, ""peak_memory_bytes"": 1.1641532182693481e-10}",27271.09619412261,True,,0.31217241287231445,0.6899706855210243,25.99501896,,0.7452876368350068,0.5,1.5499999999999998,4.9654082833261395
bio_clinicalbert_federated_distillation__independent,emilyalsentzer/Bio_ClinicalBERT,federated_distillation,42,pubmedqa,real_federated,FedAvg,independent,bio_clinicalbert_federated_distillation,0.7,"{""hospital_edge_required"": false, ""maximum_privacy_risk"": 0.5, ""maximum_round_latency_seconds"": 120, ""maximum_time_to_target_seconds"": 28800, ""memory_capacity_bytes"": 8589934592, ""minimum_validation_utility"": 0.4, ""public_cloud_allowed"": false, ""require_target_reached"": false}",0.59,0.2473794549266247,0.49,0.2192393736017897,0.31,20,,False,2682184192,690.5874301809235,51990037920,896.8093491360487,,896.8093491360487,44.84046745680244,0.25,True,"{""communication_bytes"": 1.862645149230957e-11, ""compute_time_seconds"": 0.008333333333333333, ""peak_memory_bytes"": 1.1641532182693481e-10}",27508.02443217309,True,,0.3122473359107971,0.6905874301809235,25.99501896,,0.7473411242800406,0.5,1.5499999999999998,4.965865809183467
bio_clinicalbert_federated_distillation__independent,emilyalsentzer/Bio_ClinicalBERT,federated_distillation,43,pubmedqa,real_federated,FedAvg,independent,bio_clinicalbert_federated_distillation,0.7,"{""hospital_edge_required"": false, ""maximum_privacy_risk"": 0.5, ""maximum_round_latency_seconds"": 120, ""maximum_time_to_target_seconds"": 28800, ""memory_capacity_bytes"": 8589934592, ""minimum_validation_utility"": 0.4, ""public_cloud_allowed"": false, ""require_target_reached"": false}",0.59,0.2473794549266247,0.49,0.2192393736017897,0.31,20,,False,2685285376,689.8719447329349,51990037920,895.559276272048,,895.559276272048,44.7779638136024,0.25,True,"{""communication_bytes"": 1.862645149230957e-11, ""compute_time_seconds"": 0.008333333333333333, ""peak_memory_bytes"": 1.1641532182693481e-10}",27381.47300713073,True,,0.31260836124420166,0.6898719447329349,25.99501896,,0.7462993968933733,0.5,1.5499999999999998,4.965633111266546
bio_clinicalbert_federated_distillation__independent,emilyalsentzer/Bio_ClinicalBERT,federated_distillation,44,pubmedqa,real_federated,FedAvg,independent,bio_clinicalbert_federated_distillation,0.7,"{""hospital_edge_required"": false, ""maximum_privacy_risk"": 0.5, ""maximum_round_latency_seconds"": 120, ""maximum_time_to_target_seconds"": 28800, ""memory_capacity_bytes"": 8589934592, ""minimum_validation_utility"": 0.4, ""public_cloud_allowed"": false, ""require_target_reached"": false}",0.59,0.2473794549266247,0.49,0.2192393736017897,0.31,20,,False,2681247744,691.0410431101627,51990037920,906.6013025980792,,906.6013025980792,45.33006512990396,0.25,True,"{""communication_bytes"": 1.862645149230957e-11, ""compute_time_seconds"": 0.008333333333333333, ""peak_memory_bytes"": 1.1641532182693481e-10}",27457.779866841494,True,,0.31213831901550293,0.6910410431101627,25.99501896,,0.7555010854983993,0.5,1.5499999999999998,4.967283235392467
bio_clinicalbert_federated_distillation__static_weighted_sum,emilyalsentzer/Bio_ClinicalBERT,federated_distillation,42,pubmedqa,real_federated,FedAvg,static_weighted_sum,bio_clinicalbert_federated_distillation,0.7,"{""hospital_edge_required"": false, ""maximum_privacy_risk"": 0.5, ""maximum_round_latency_seconds"": 120, ""maximum_time_to_target_seconds"": 28800, ""memory_capacity_bytes"": 8589934592, ""minimum_validation_utility"": 0.4, ""public_cloud_allowed"": false, ""require_target_reached"": false}",0.59,0.2473794549266247,0.49,0.2192393736017897,0.31,20,,False,2684177920,691.5172197709908,51990037920,896.8155952889647,,896.8155952889647,44.84077976444824,0.25,True,"{""communication_bytes"": 1.862645149230957e-11, ""compute_time_seconds"": 0.008333333333333333, ""peak_memory_bytes"": 1.1641532182693481e-10}",27444.69063929818,True,,0.3124794363975525,0.6915172197709908,25.99501896,,0.7473463294074706,0.5,1.5499999999999998,4.966060325050881
bio_clinicalbert_federated_distillation__static_weighted_sum,emilyalsentzer/Bio_ClinicalBERT,federated_distillation,43,pubmedqa,real_federated,FedAvg,static_weighted_sum,bio_clinicalbert_federated_distillation,0.7,"{""hospital_edge_required"": false, ""maximum_privacy_risk"": 0.5, ""maximum_round_latency_seconds"": 120, ""maximum_time_to_target_seconds"": 28800, ""memory_capacity_bytes"": 8589934592, ""minimum_validation_utility"": 0.4, ""public_cloud_allowed"": false, ""require_target_reached"": false}",0.59,0.2473794549266247,0.49,0.2192393736017897,0.31,20,,False,2688412672,690.6007971478393,51990037920,910.3390994120856,,910.3390994120856,45.516954970604274,0.25,True,"{""communication_bytes"": 1.862645149230957e-11, ""compute_time_seconds"": 0.008333333333333333, ""peak_memory_bytes"": 1.1641532182693481e-10}",27439.655423093347,True,,0.31297242641448975,0.6906007971478393,25.99501896,,0.758615916176738,0.5,1.5499999999999998,4.967868017411751
bio_clinicalbert_federated_distillation__static_weighted_sum,emilyalsentzer/Bio_ClinicalBERT,federated_distillation,44,pubmedqa,real_federated,FedAvg,static_weighted_sum,bio_clinicalbert_federated_distillation,0.7,"{""hospital_edge_required"": false, ""maximum_privacy_risk"": 0.5, ""maximum_round_latency_seconds"": 120, ""maximum_time_to_target_seconds"": 28800, ""memory_capacity_bytes"": 8589934592, ""minimum_validation_utility"": 0.4, ""public_cloud_allowed"": false, ""require_target_reached"": false}",0.59,0.2473794549266247,0.49,0.2192393736017897,0.31,20,,False,2685587968,690.5884199669526,51990037920,895.6770433229976,,895.6770433229976,44.783852166149885,0.25,True,"{""communication_bytes"": 1.862645149230957e-11, ""compute_time_seconds"": 0.008333333333333333, ""peak_memory_bytes"": 1.1641532182693481e-10}",27346.64813798325,True,,0.3126435875892639,0.6905884199669526,25.99501896,,0.746397536102498,0.5,1.5499999999999998,4.965774751397941
bio_clinicalbert_federated_distillation__greedy,emilyalsentzer/Bio_ClinicalBERT,federated_distillation,42,pubmedqa,real_federated,FedAvg,greedy,bio_clinicalbert_federated_distillation,0.7,"{""hospital_edge_required"": false, ""maximum_privacy_risk"": 0.5, ""maximum_round_latency_seconds"": 120, ""maximum_time_to_target_seconds"": 28800, ""memory_capacity_bytes"": 8589934592, ""minimum_validation_utility"": 0.4, ""public_cloud_allowed"": false, ""require_target_reached"": false}",0.53,0.3189120341838202,0.49,0.2944806605823555,0.37,20,,False,2682482176,691.5208824760921,51990037920,896.7217802139639,,896.7217802139639,44.8360890106982,0.25,True,"{""communication_bytes"": 1.862645149230957e-11, ""compute_time_seconds"": 0.008333333333333333, ""peak_memory_bytes"": 1.1641532182693481e-10}",27543.012498961198,True,,0.3122820258140564,0.6915208824760921,25.99501896,,0.7472681501783033,0.5,1.8499999999999999,5.016015003846278
bio_clinicalbert_federated_distillation__greedy,emilyalsentzer/Bio_ClinicalBERT,federated_distillation,43,pubmedqa,real_federated,FedAvg,greedy,bio_clinicalbert_federated_distillation,0.7,"{""hospital_edge_required"": false, ""maximum_privacy_risk"": 0.5, ""maximum_round_latency_seconds"": 120, ""maximum_time_to_target_seconds"": 28800, ""memory_capacity_bytes"": 8589934592, ""minimum_validation_utility"": 0.4, ""public_cloud_allowed"": false, ""require_target_reached"": false}",0.59,0.2473794549266247,0.49,0.2192393736017897,0.31,20,,False,2686308352,688.3205810819636,51990037920,892.9480122199748,,892.9480122199748,44.64740061099874,0.25,True,"{""communication_bytes"": 1.862645149230957e-11, ""compute_time_seconds"": 0.008333333333333333, ""peak_memory_bytes"": 1.1641532182693481e-10}",27446.95529624733,True,,0.3127274513244629,0.6883205810819636,25.99501896,,0.7441233435166457,0.5,1.5499999999999998,4.965031723441852
bio_clinicalbert_federated_distillation__greedy,emilyalsentzer/Bio_ClinicalBERT,federated_distillation,44,pubmedqa,real_federated,FedAvg,greedy,bio_clinicalbert_federated_distillation,0.7,"{""hospital_edge_required"": false, ""maximum_privacy_risk"": 0.5, ""maximum_round_latency_seconds"": 120, ""maximum_time_to_target_seconds"": 28800, ""memory_capacity_bytes"": 8589934592, ""minimum_validation_utility"": 0.4, ""public_cloud_allowed"": false, ""require_target_reached"": false}",0.59,0.2473794549266247,0.49,0.2192393736017897,0.31,20,,False,2684735488,689.7010613460734,51990037920,895.1431857820717,,895.1431857820717,44.75715928910358,0.25,True,"{""communication_bytes"": 1.862645149230957e-11, ""compute_time_seconds"": 0.008333333333333333, ""peak_memory_bytes"": 1.1641532182693481e-10}",27436.423845433364,True,,0.3125443458557129,0.6897010613460735,25.99501896,,0.745952654818393,0.5,1.5499999999999998,4.965536171124803
