plan_id,model_id,method,seed,dataset,training_mode,aggregation,scheduler_policy,base_experiment_id,target_quality,constraint_provenance,validation_utility,validation_macro_f1,test_utility,test_macro_f1,accuracy_loss,rounds_completed,rounds_to_target,target_reached,peak_memory_bytes,compute_to_target_seconds,communication_to_target_bytes,latency_to_target_seconds,attained_time_to_target_seconds,censored_observation_horizon_seconds,mean_round_latency_seconds,privacy_risk,shadow_pricing_enabled,shadow_prices_final,energy_to_target_joules
llama3_8b_qlora__tradefl_dynamic,meta-llama/Meta-Llama-3-8B,qlora,42,pubmedqa,real_federated,FedAvg,tradefl_dynamic,llama3_8b_qlora,0.7,"{""hospital_edge_required"": false, ""maximum_privacy_risk"": 0.5, ""maximum_round_latency_seconds"": 120, ""maximum_time_to_target_seconds"": 28800, ""memory_capacity_bytes"": 8589934592, ""minimum_validation_utility"": 0.4, ""public_cloud_allowed"": false, ""require_target_reached"": false}",0.7,0.4801490844271593,0.7,0.505769622833843,0.2,1,1.0,True,15715175424,360.8259904999286,81788928,997.5325904656202,997.5325904656202,,997.5325904656202,0.25,True,"{""communication_bytes"": 1.3976932677906006e-11, ""compute_time_seconds"": 0.012514340112845981, ""peak_memory_bytes"": 1.4055657679423739e-10}",33326.63876253508
llama3_8b_qlora__tradefl_dynamic,meta-llama/Meta-Llama-3-8B,qlora,43,pubmedqa,real_federated,FedAvg,tradefl_dynamic,llama3_8b_qlora,0.7,"{""hospital_edge_required"": false, ""maximum_privacy_risk"": 0.5, ""maximum_round_latency_seconds"": 120, ""maximum_time_to_target_seconds"": 28800, ""memory_capacity_bytes"": 8589934592, ""minimum_validation_utility"": 0.4, ""public_cloud_allowed"": false, ""require_target_reached"": false}",0.7,0.4843304843304843,0.68,0.4916454262248655,0.2,1,1.0,True,26513048064,361.21817243192345,81788928,1003.517365353182,1003.517365353182,,1003.517365353182,0.25,True,"{""communication_bytes"": 1.3976932677906006e-11, ""compute_time_seconds"": 0.012521148826943116, ""peak_memory_bytes"": 1.7714119233958048e-10}",33551.468324927664
llama3_8b_qlora__tradefl_dynamic,meta-llama/Meta-Llama-3-8B,qlora,44,pubmedqa,real_federated,FedAvg,tradefl_dynamic,llama3_8b_qlora,0.7,"{""hospital_edge_required"": false, ""maximum_privacy_risk"": 0.5, ""maximum_round_latency_seconds"": 120, ""maximum_time_to_target_seconds"": 28800, ""memory_capacity_bytes"": 8589934592, ""minimum_validation_utility"": 0.4, ""public_cloud_allowed"": false, ""require_target_reached"": false}",0.71,0.4866650354783459,0.68,0.4952861952861953,0.19,1,1.0,True,26527203840,360.63944702781737,81788928,997.6720102373512,997.6720102373512,,997.6720102373512,0.25,True,"{""communication_bytes"": 1.3976932677906006e-11, ""compute_time_seconds"": 0.012511101510899608, ""peak_memory_bytes"": 1.7718915397424428e-10}",33589.272184638474
llama3_8b_qlora__tradefl_fixed,meta-llama/Meta-Llama-3-8B,qlora,42,pubmedqa,real_federated,FedAvg,tradefl_fixed,llama3_8b_qlora,0.7,"{""hospital_edge_required"": false, ""maximum_privacy_risk"": 0.5, ""maximum_round_latency_seconds"": 120, ""maximum_time_to_target_seconds"": 28800, ""memory_capacity_bytes"": 8589934592, ""minimum_validation_utility"": 0.4, ""public_cloud_allowed"": false, ""require_target_reached"": false}",0.74,0.5120300138651007,0.72,0.5228189001773907,0.16,2,2.0,True,26520388096,732.1153276786208,163577856,1993.308837622404,1993.308837622404,,996.654418811202,0.25,True,"{""communication_bytes"": 1.862645149230957e-11, ""compute_time_seconds"": 0.008333333333333333, ""peak_memory_bytes"": 1.1641532182693481e-10}",67390.59488384896
llama3_8b_qlora__tradefl_fixed,meta-llama/Meta-Llama-3-8B,qlora,43,pubmedqa,real_federated,FedAvg,tradefl_fixed,llama3_8b_qlora,0.7,"{""hospital_edge_required"": false, ""maximum_privacy_risk"": 0.5, ""maximum_round_latency_seconds"": 120, ""maximum_time_to_target_seconds"": 28800, ""memory_capacity_bytes"": 8589934592, ""minimum_validation_utility"": 0.4, ""public_cloud_allowed"": false, ""require_target_reached"": false}",0.7,0.4843304843304843,0.69,0.4987004548408056,0.2,1,1.0,True,26521960960,358.6254613501951,81788928,981.869067880325,981.869067880325,,981.869067880325,0.25,True,"{""communication_bytes"": 1.862645149230957e-11, ""compute_time_seconds"": 0.008333333333333333, ""peak_memory_bytes"": 1.1641532182693481e-10}",33255.25741706271
llama3_8b_qlora__tradefl_fixed,meta-llama/Meta-Llama-3-8B,qlora,44,pubmedqa,real_federated,FedAvg,tradefl_fixed,llama3_8b_qlora,0.7,"{""hospital_edge_required"": false, ""maximum_privacy_risk"": 0.5, ""maximum_round_latency_seconds"": 120, ""maximum_time_to_target_seconds"": 28800, ""memory_capacity_bytes"": 8589934592, ""minimum_validation_utility"": 0.4, ""public_cloud_allowed"": false, ""require_target_reached"": false}",0.7,0.4777038679477703,0.69,0.4989989989989989,0.2,1,1.0,True,26513572352,362.9202523911372,81788928,1003.5247608348728,1003.5247608348728,,1003.5247608348728,0.25,True,"{""communication_bytes"": 1.862645149230957e-11, ""compute_time_seconds"": 0.008333333333333333, ""peak_memory_bytes"": 1.1641532182693481e-10}",33684.28280886947
llama3_8b_qlora__independent,meta-llama/Meta-Llama-3-8B,qlora,42,pubmedqa,real_federated,FedAvg,independent,llama3_8b_qlora,0.7,"{""hospital_edge_required"": false, ""maximum_privacy_risk"": 0.5, ""maximum_round_latency_seconds"": 120, ""maximum_time_to_target_seconds"": 28800, ""memory_capacity_bytes"": 8589934592, ""minimum_validation_utility"": 0.4, ""public_cloud_allowed"": false, ""require_target_reached"": false}",0.74,0.5120300138651007,0.72,0.5228189001773907,0.16,2,2.0,True,26523009536,722.8349271407351,163577856,1895.383308405988,1895.383308405988,,947.691654202994,0.25,True,"{""communication_bytes"": 1.862645149230957e-11, ""compute_time_seconds"": 0.008333333333333333, ""peak_memory_bytes"": 1.1641532182693481e-10}",66237.18615630138
llama3_8b_qlora__independent,meta-llama/Meta-Llama-3-8B,qlora,43,pubmedqa,real_federated,FedAvg,independent,llama3_8b_qlora,0.7,"{""hospital_edge_required"": false, ""maximum_privacy_risk"": 0.5, ""maximum_round_latency_seconds"": 120, ""maximum_time_to_target_seconds"": 28800, ""memory_capacity_bytes"": 8589934592, ""minimum_validation_utility"": 0.4, ""public_cloud_allowed"": false, ""require_target_reached"": false}",0.74,0.5153178960770272,0.71,0.5155716294956801,0.16,2,2.0,True,26521960960,723.5101149044931,163577856,1896.091106949374,1896.091106949374,,948.045553474687,0.25,True,"{""communication_bytes"": 1.862645149230957e-11, ""compute_time_seconds"": 0.008333333333333333, ""peak_memory_bytes"": 1.1641532182693481e-10}",66174.06246884575
llama3_8b_qlora__independent,meta-llama/Meta-Llama-3-8B,qlora,44,pubmedqa,real_federated,FedAvg,independent,llama3_8b_qlora,0.7,"{""hospital_edge_required"": false, ""maximum_privacy_risk"": 0.5, ""maximum_round_latency_seconds"": 120, ""maximum_time_to_target_seconds"": 28800, ""memory_capacity_bytes"": 8589934592, ""minimum_validation_utility"": 0.4, ""public_cloud_allowed"": false, ""require_target_reached"": false}",0.7,0.4777038679477703,0.69,0.4989989989989989,0.2,1,1.0,True,26525106688,367.0641149021685,81788928,991.8974917242303,991.8974917242303,,991.8974917242303,0.25,True,"{""communication_bytes"": 1.862645149230957e-11, ""compute_time_seconds"": 0.008333333333333333, ""peak_memory_bytes"": 1.1641532182693481e-10}",33499.43959894742
llama3_8b_qlora__static_weighted_sum,meta-llama/Meta-Llama-3-8B,qlora,42,pubmedqa,real_federated,FedAvg,static_weighted_sum,llama3_8b_qlora,0.7,"{""hospital_edge_required"": false, ""maximum_privacy_risk"": 0.5, ""maximum_round_latency_seconds"": 120, ""maximum_time_to_target_seconds"": 28800, ""memory_capacity_bytes"": 8589934592, ""minimum_validation_utility"": 0.4, ""public_cloud_allowed"": false, ""require_target_reached"": false}",0.75,0.5188470066518848,0.72,0.5228189001773907,0.15,2,2.0,True,26521472000,735.7962253782898,163577856,2008.3909494364636,2008.3909494364636,,1004.1954747182316,0.25,True,"{""communication_bytes"": 1.862645149230957e-11, ""compute_time_seconds"": 0.008333333333333333, ""peak_memory_bytes"": 1.1641532182693481e-10}",67568.05973001837
llama3_8b_qlora__static_weighted_sum,meta-llama/Meta-Llama-3-8B,qlora,43,pubmedqa,real_federated,FedAvg,static_weighted_sum,llama3_8b_qlora,0.7,"{""hospital_edge_required"": false, ""maximum_privacy_risk"": 0.5, ""maximum_round_latency_seconds"": 120, ""maximum_time_to_target_seconds"": 28800, ""memory_capacity_bytes"": 8589934592, ""minimum_validation_utility"": 0.4, ""public_cloud_allowed"": false, ""require_target_reached"": false}",0.73,0.5070028011204482,0.71,0.5155716294956801,0.17,2,2.0,True,26521960960,722.7857546452433,163577856,1874.283733117394,1874.283733117394,,937.1418665586972,0.25,True,"{""communication_bytes"": 1.862645149230957e-11, ""compute_time_seconds"": 0.008333333333333333, ""peak_memory_bytes"": 1.1641532182693481e-10}",65651.33884407289
llama3_8b_qlora__static_weighted_sum,meta-llama/Meta-Llama-3-8B,qlora,44,pubmedqa,real_federated,FedAvg,static_weighted_sum,llama3_8b_qlora,0.7,"{""hospital_edge_required"": false, ""maximum_privacy_risk"": 0.5, ""maximum_round_latency_seconds"": 120, ""maximum_time_to_target_seconds"": 28800, ""memory_capacity_bytes"": 8589934592, ""minimum_validation_utility"": 0.4, ""public_cloud_allowed"": false, ""require_target_reached"": false}",0.7,0.4777038679477703,0.69,0.4989989989989989,0.2,1,1.0,True,26525106688,367.3863095426932,81788928,970.68459841609,970.68459841609,,970.68459841609,0.25,True,"{""communication_bytes"": 1.862645149230957e-11, ""compute_time_seconds"": 0.008333333333333333, ""peak_memory_bytes"": 1.1641532182693481e-10}",33230.82582388862
llama3_8b_qlora__greedy,meta-llama/Meta-Llama-3-8B,qlora,42,pubmedqa,real_federated,FedAvg,greedy,llama3_8b_qlora,0.7,"{""hospital_edge_required"": false, ""maximum_privacy_risk"": 0.5, ""maximum_round_latency_seconds"": 120, ""maximum_time_to_target_seconds"": 28800, ""memory_capacity_bytes"": 8589934592, ""minimum_validation_utility"": 0.4, ""public_cloud_allowed"": false, ""require_target_reached"": false}",0.76,0.5257237386269644,0.72,0.5224171539961012,0.14,2,2.0,True,26521472000,725.6773027675226,163577856,1946.1741273337973,1946.1741273337973,,973.0870636668988,0.25,True,"{""communication_bytes"": 1.862645149230957e-11, ""compute_time_seconds"": 0.008333333333333333, ""peak_memory_bytes"": 1.1641532182693481e-10}",67130.30005376053
llama3_8b_qlora__greedy,meta-llama/Meta-Llama-3-8B,qlora,43,pubmedqa,real_federated,FedAvg,greedy,llama3_8b_qlora,0.7,"{""hospital_edge_required"": false, ""maximum_privacy_risk"": 0.5, ""maximum_round_latency_seconds"": 120, ""maximum_time_to_target_seconds"": 28800, ""memory_capacity_bytes"": 8589934592, ""minimum_validation_utility"": 0.4, ""public_cloud_allowed"": false, ""require_target_reached"": false}",0.73,0.5070028011204482,0.71,0.5155716294956801,0.17,2,2.0,True,26521960960,724.2562273517251,163577856,1899.0266609257087,1899.0266609257087,,949.5133304628544,0.25,True,"{""communication_bytes"": 1.862645149230957e-11, ""compute_time_seconds"": 0.008333333333333333, ""peak_memory_bytes"": 1.1641532182693481e-10}",66305.74758380963
llama3_8b_qlora__greedy,meta-llama/Meta-Llama-3-8B,qlora,44,pubmedqa,real_federated,FedAvg,greedy,llama3_8b_qlora,0.7,"{""hospital_edge_required"": false, ""maximum_privacy_risk"": 0.5, ""maximum_round_latency_seconds"": 120, ""maximum_time_to_target_seconds"": 28800, ""memory_capacity_bytes"": 8589934592, ""minimum_validation_utility"": 0.4, ""public_cloud_allowed"": false, ""require_target_reached"": false}",0.7,0.4777038679477703,0.69,0.4989989989989989,0.2,1,1.0,True,26525106688,365.0064691463485,81788928,1034.5921562630683,1034.5921562630683,,1034.5921562630683,0.25,True,"{""communication_bytes"": 1.862645149230957e-11, ""compute_time_seconds"": 0.008333333333333333, ""peak_memory_bytes"": 1.1641532182693481e-10}",34067.5230920554
llama3_8b_lora__tradefl_dynamic,meta-llama/Meta-Llama-3-8B,lora,42,pubmedqa,real_federated,FedAvg,tradefl_dynamic,llama3_8b_lora,0.7,"{""hospital_edge_required"": false, ""maximum_privacy_risk"": 0.5, ""maximum_round_latency_seconds"": 120, ""maximum_time_to_target_seconds"": 28800, ""memory_capacity_bytes"": 8589934592, ""minimum_validation_utility"": 0.4, ""public_cloud_allowed"": false, ""require_target_reached"": false}",0.74,0.5107762113109706,0.72,0.5207747196738022,0.16,1,1.0,True,32215944192,147.26579333283007,81788928,738.1829657079652,738.1829657079652,,738.1829657079652,0.25,True,"{""communication_bytes"": 1.3976932677906006e-11, ""compute_time_seconds"": 0.008806697800917189, ""peak_memory_bytes"": 1.964633560003204e-10}",19378.097585350024
llama3_8b_lora__tradefl_dynamic,meta-llama/Meta-Llama-3-8B,lora,43,pubmedqa,real_federated,FedAvg,tradefl_dynamic,llama3_8b_lora,0.7,"{""hospital_edge_required"": false, ""maximum_privacy_risk"": 0.5, ""maximum_round_latency_seconds"": 120, ""maximum_time_to_target_seconds"": 28800, ""memory_capacity_bytes"": 8589934592, ""minimum_validation_utility"": 0.4, ""public_cloud_allowed"": false, ""require_target_reached"": false}",0.7,0.4860947904426165,0.73,0.5276530323259295,0.2,1,1.0,True,32215944192,145.06574221607298,81788928,727.35626525525,727.35626525525,,727.35626525525,0.25,True,"{""communication_bytes"": 1.3976932677906006e-11, ""compute_time_seconds"": 0.008768502469029044, ""peak_memory_bytes"": 1.964633560003204e-10}",19075.853144858367
llama3_8b_lora__tradefl_dynamic,meta-llama/Meta-Llama-3-8B,lora,44,pubmedqa,real_federated,FedAvg,tradefl_dynamic,llama3_8b_lora,0.7,"{""hospital_edge_required"": false, ""maximum_privacy_risk"": 0.5, ""maximum_round_latency_seconds"": 120, ""maximum_time_to_target_seconds"": 28800, ""memory_capacity_bytes"": 8589934592, ""minimum_validation_utility"": 0.4, ""public_cloud_allowed"": false, ""require_target_reached"": false}",0.72,0.4977124183006536,0.71,0.51364522417154,0.18,1,1.0,True,32215944192,146.52750364504757,81788928,692.3044182192534,692.3044182192534,,692.3044182192534,0.25,True,"{""communication_bytes"": 1.3976932677906006e-11, ""compute_time_seconds"": 0.00879388027161541, ""peak_memory_bytes"": 1.964633560003204e-10}",18727.56380817981
llama3_8b_lora__tradefl_fixed,meta-llama/Meta-Llama-3-8B,lora,42,pubmedqa,real_federated,FedAvg,tradefl_fixed,llama3_8b_lora,0.7,"{""hospital_edge_required"": false, ""maximum_privacy_risk"": 0.5, ""maximum_round_latency_seconds"": 120, ""maximum_time_to_target_seconds"": 28800, ""memory_capacity_bytes"": 8589934592, ""minimum_validation_utility"": 0.4, ""public_cloud_allowed"": false, ""require_target_reached"": false}",0.74,0.5107762113109706,0.71,0.51364522417154,0.16,1,1.0,True,32215944192,145.76430893316865,81788928,739.9408501833677,739.9408501833677,,739.9408501833677,0.25,True,"{""communication_bytes"": 1.862645149230957e-11, ""compute_time_seconds"": 0.008333333333333333, ""peak_memory_bytes"": 1.1641532182693481e-10}",19309.832162950683
llama3_8b_lora__tradefl_fixed,meta-llama/Meta-Llama-3-8B,lora,43,pubmedqa,real_federated,FedAvg,tradefl_fixed,llama3_8b_lora,0.7,"{""hospital_edge_required"": false, ""maximum_privacy_risk"": 0.5, ""maximum_round_latency_seconds"": 120, ""maximum_time_to_target_seconds"": 28800, ""memory_capacity_bytes"": 8589934592, ""minimum_validation_utility"": 0.4, ""public_cloud_allowed"": false, ""require_target_reached"": false}",0.71,0.4926783183750591,0.73,0.5276530323259295,0.19,1,1.0,True,32215944192,145.77693094033748,81788928,747.3333800332621,747.3333800332621,,747.3333800332621,0.25,True,"{""communication_bytes"": 1.862645149230957e-11, ""compute_time_seconds"": 0.008333333333333333, ""peak_memory_bytes"": 1.1641532182693481e-10}",19277.372581073047
llama3_8b_lora__tradefl_fixed,meta-llama/Meta-Llama-3-8B,lora,44,pubmedqa,real_federated,FedAvg,tradefl_fixed,llama3_8b_lora,0.7,"{""hospital_edge_required"": false, ""maximum_privacy_risk"": 0.5, ""maximum_round_latency_seconds"": 120, ""maximum_time_to_target_seconds"": 28800, ""memory_capacity_bytes"": 8589934592, ""minimum_validation_utility"": 0.4, ""public_cloud_allowed"": false, ""require_target_reached"": false}",0.73,0.5043378150569466,0.71,0.51364522417154,0.17,1,1.0,True,32215944192,144.99186400137842,81788928,727.7651336863637,727.7651336863637,,727.7651336863637,0.25,True,"{""communication_bytes"": 1.862645149230957e-11, ""compute_time_seconds"": 0.008333333333333333, ""peak_memory_bytes"": 1.1641532182693481e-10}",19078.556317021368
llama3_8b_lora__independent,meta-llama/Meta-Llama-3-8B,lora,42,pubmedqa,real_federated,FedAvg,independent,llama3_8b_lora,0.7,"{""hospital_edge_required"": false, ""maximum_privacy_risk"": 0.5, ""maximum_round_latency_seconds"": 120, ""maximum_time_to_target_seconds"": 28800, ""memory_capacity_bytes"": 8589934592, ""minimum_validation_utility"": 0.4, ""public_cloud_allowed"": false, ""require_target_reached"": false}",0.74,0.5107762113109706,0.72,0.5207747196738022,0.16,1,1.0,True,32215944192,147.05682319402695,81788928,695.3193182209507,695.3193182209507,,695.3193182209507,0.25,True,"{""communication_bytes"": 1.862645149230957e-11, ""compute_time_seconds"": 0.008333333333333333, ""peak_memory_bytes"": 1.1641532182693481e-10}",18735.679579075328
llama3_8b_lora__independent,meta-llama/Meta-Llama-3-8B,lora,43,pubmedqa,real_federated,FedAvg,independent,llama3_8b_lora,0.7,"{""hospital_edge_required"": false, ""maximum_privacy_risk"": 0.5, ""maximum_round_latency_seconds"": 120, ""maximum_time_to_target_seconds"": 28800, ""memory_capacity_bytes"": 8589934592, ""minimum_validation_utility"": 0.4, ""public_cloud_allowed"": false, ""require_target_reached"": false}",0.71,0.4926783183750591,0.72,0.5205611998064829,0.19,1,1.0,True,32215944192,144.2449767459184,81788928,747.1566271856427,747.1566271856427,,747.1566271856427,0.25,True,"{""communication_bytes"": 1.862645149230957e-11, ""compute_time_seconds"": 0.008333333333333333, ""peak_memory_bytes"": 1.1641532182693481e-10}",19148.734631740936
llama3_8b_lora__independent,meta-llama/Meta-Llama-3-8B,lora,44,pubmedqa,real_federated,FedAvg,independent,llama3_8b_lora,0.7,"{""hospital_edge_required"": false, ""maximum_privacy_risk"": 0.5, ""maximum_round_latency_seconds"": 120, ""maximum_time_to_target_seconds"": 28800, ""memory_capacity_bytes"": 8589934592, ""minimum_validation_utility"": 0.4, ""public_cloud_allowed"": false, ""require_target_reached"": false}",0.72,0.4977124183006536,0.72,0.5207747196738022,0.18,1,1.0,True,32215944192,146.5695629119873,81788928,724.0630063973367,724.0630063973367,,724.0630063973367,0.25,True,"{""communication_bytes"": 1.862645149230957e-11, ""compute_time_seconds"": 0.008333333333333333, ""peak_memory_bytes"": 1.1641532182693481e-10}",18971.33724423006
llama3_8b_lora__static_weighted_sum,meta-llama/Meta-Llama-3-8B,lora,42,pubmedqa,real_federated,FedAvg,static_weighted_sum,llama3_8b_lora,0.7,"{""hospital_edge_required"": false, ""maximum_privacy_risk"": 0.5, ""maximum_round_latency_seconds"": 120, ""maximum_time_to_target_seconds"": 28800, ""memory_capacity_bytes"": 8589934592, ""minimum_validation_utility"": 0.4, ""public_cloud_allowed"": false, ""require_target_reached"": false}",0.73,0.5041062801932368,0.71,0.51364522417154,0.17,1,1.0,True,32215944192,145.3944769790396,81788928,715.8305009333417,715.8305009333417,,715.8305009333417,0.25,True,"{""communication_bytes"": 1.862645149230957e-11, ""compute_time_seconds"": 0.008333333333333333, ""peak_memory_bytes"": 1.1641532182693481e-10}",18998.606867573944
llama3_8b_lora__static_weighted_sum,meta-llama/Meta-Llama-3-8B,lora,43,pubmedqa,real_federated,FedAvg,static_weighted_sum,llama3_8b_lora,0.7,"{""hospital_edge_required"": false, ""maximum_privacy_risk"": 0.5, ""maximum_round_latency_seconds"": 120, ""maximum_time_to_target_seconds"": 28800, ""memory_capacity_bytes"": 8589934592, ""minimum_validation_utility"": 0.4, ""public_cloud_allowed"": false, ""require_target_reached"": false}",0.71,0.4926783183750591,0.72,0.5205611998064829,0.19,1,1.0,True,32215944192,145.71497873868793,81788928,707.9546238416806,707.9546238416806,,707.9546238416806,0.25,True,"{""communication_bytes"": 1.862645149230957e-11, ""compute_time_seconds"": 0.008333333333333333, ""peak_memory_bytes"": 1.1641532182693481e-10}",18710.297085601887
llama3_8b_lora__static_weighted_sum,meta-llama/Meta-Llama-3-8B,lora,44,pubmedqa,real_federated,FedAvg,static_weighted_sum,llama3_8b_lora,0.7,"{""hospital_edge_required"": false, ""maximum_privacy_risk"": 0.5, ""maximum_round_latency_seconds"": 120, ""maximum_time_to_target_seconds"": 28800, ""memory_capacity_bytes"": 8589934592, ""minimum_validation_utility"": 0.4, ""public_cloud_allowed"": false, ""require_target_reached"": false}",0.72,0.4977124183006536,0.71,0.51364522417154,0.18,1,1.0,True,32215944192,144.90631878376007,81788928,720.6691465312615,720.6691465312615,,720.6691465312615,0.25,True,"{""communication_bytes"": 1.862645149230957e-11, ""compute_time_seconds"": 0.008333333333333333, ""peak_memory_bytes"": 1.1641532182693481e-10}",18880.11831535508
llama3_8b_lora__greedy,meta-llama/Meta-Llama-3-8B,lora,42,pubmedqa,real_federated,FedAvg,greedy,llama3_8b_lora,0.7,"{""hospital_edge_required"": false, ""maximum_privacy_risk"": 0.5, ""maximum_round_latency_seconds"": 120, ""maximum_time_to_target_seconds"": 28800, ""memory_capacity_bytes"": 8589934592, ""minimum_validation_utility"": 0.4, ""public_cloud_allowed"": false, ""require_target_reached"": false}",0.74,0.5107762113109706,0.72,0.5207747196738022,0.16,1,1.0,True,32215944192,147.06171360518783,81788928,756.0413692807779,756.0413692807779,,756.0413692807779,0.25,True,"{""communication_bytes"": 1.862645149230957e-11, ""compute_time_seconds"": 0.008333333333333333, ""peak_memory_bytes"": 1.1641532182693481e-10}",19371.3581615287
llama3_8b_lora__greedy,meta-llama/Meta-Llama-3-8B,lora,43,pubmedqa,real_federated,FedAvg,greedy,llama3_8b_lora,0.7,"{""hospital_edge_required"": false, ""maximum_privacy_risk"": 0.5, ""maximum_round_latency_seconds"": 120, ""maximum_time_to_target_seconds"": 28800, ""memory_capacity_bytes"": 8589934592, ""minimum_validation_utility"": 0.4, ""public_cloud_allowed"": false, ""require_target_reached"": false}",0.71,0.4926783183750591,0.72,0.5205611998064829,0.19,1,1.0,True,32215944192,144.2764912014827,81788928,709.088553937152,709.088553937152,,709.088553937152,0.25,True,"{""communication_bytes"": 1.862645149230957e-11, ""compute_time_seconds"": 0.008333333333333333, ""peak_memory_bytes"": 1.1641532182693481e-10}",18768.444162968808
llama3_8b_lora__greedy,meta-llama/Meta-Llama-3-8B,lora,44,pubmedqa,real_federated,FedAvg,greedy,llama3_8b_lora,0.7,"{""hospital_edge_required"": false, ""maximum_privacy_risk"": 0.5, ""maximum_round_latency_seconds"": 120, ""maximum_time_to_target_seconds"": 28800, ""memory_capacity_bytes"": 8589934592, ""minimum_validation_utility"": 0.4, ""public_cloud_allowed"": false, ""require_target_reached"": false}",0.72,0.4977124183006536,0.71,0.51364522417154,0.18,1,1.0,True,32215944192,146.50609204452485,81788928,723.3647925136611,723.3647925136611,,723.3647925136611,0.25,True,"{""communication_bytes"": 1.862645149230957e-11, ""compute_time_seconds"": 0.008333333333333333, ""peak_memory_bytes"": 1.1641532182693481e-10}",19018.881354619312
deepseek_r1_distill_llama_8b_lora__tradefl_dynamic,deepseek-ai/DeepSeek-R1-Distill-Llama-8B,lora,42,pubmedqa,real_federated,FedAvg,tradefl_dynamic,deepseek_r1_distill_llama_8b_lora,0.7,"{""hospital_edge_required"": false, ""maximum_privacy_risk"": 0.5, ""maximum_round_latency_seconds"": 120, ""maximum_time_to_target_seconds"": 28800, ""memory_capacity_bytes"": 8589934592, ""minimum_validation_utility"": 0.4, ""public_cloud_allowed"": false, ""require_target_reached"": false}",0.72,0.50201126307321,0.65,0.4705128205128204,0.18,1,1.0,True,32215944192,145.38396871089935,81788928,733.9176624752581,733.9176624752581,,733.9176624752581,0.25,True,"{""communication_bytes"": 1.3976932677906006e-11, ""compute_time_seconds"": 0.008774027234564224, ""peak_memory_bytes"": 1.964633560003204e-10}",19167.83807005612
deepseek_r1_distill_llama_8b_lora__tradefl_dynamic,deepseek-ai/DeepSeek-R1-Distill-Llama-8B,lora,43,pubmedqa,real_federated,FedAvg,tradefl_dynamic,deepseek_r1_distill_llama_8b_lora,0.7,"{""hospital_edge_required"": false, ""maximum_privacy_risk"": 0.5, ""maximum_round_latency_seconds"": 120, ""maximum_time_to_target_seconds"": 28800, ""memory_capacity_bytes"": 8589934592, ""minimum_validation_utility"": 0.4, ""public_cloud_allowed"": false, ""require_target_reached"": false}",0.74,0.5130390184242711,0.66,0.4757594291539246,0.16,1,1.0,True,32215944192,145.48622026015073,81788928,731.8814887376502,731.8814887376502,,731.8814887376502,0.25,True,"{""communication_bytes"": 1.3976932677906006e-11, ""compute_time_seconds"": 0.008775802435072061, ""peak_memory_bytes"": 1.964633560003204e-10}",19039.14223337973
deepseek_r1_distill_llama_8b_lora__tradefl_dynamic,deepseek-ai/DeepSeek-R1-Distill-Llama-8B,lora,44,pubmedqa,real_federated,FedAvg,tradefl_dynamic,deepseek_r1_distill_llama_8b_lora,0.7,"{""hospital_edge_required"": false, ""maximum_privacy_risk"": 0.5, ""maximum_round_latency_seconds"": 120, ""maximum_time_to_target_seconds"": 28800, ""memory_capacity_bytes"": 8589934592, ""minimum_validation_utility"": 0.4, ""public_cloud_allowed"": false, ""require_target_reached"": false}",0.77,0.5335904853744777,0.68,0.488429099671777,0.13,1,1.0,True,32215944192,144.6977504575625,81788928,717.0287519861013,717.0287519861013,,717.0287519861013,0.25,True,"{""communication_bytes"": 1.3976932677906006e-11, ""compute_time_seconds"": 0.008762113723221571, ""peak_memory_bytes"": 1.964633560003204e-10}",18931.15168262306
deepseek_r1_distill_llama_8b_lora__tradefl_fixed,deepseek-ai/DeepSeek-R1-Distill-Llama-8B,lora,42,pubmedqa,real_federated,FedAvg,tradefl_fixed,deepseek_r1_distill_llama_8b_lora,0.7,"{""hospital_edge_required"": false, ""maximum_privacy_risk"": 0.5, ""maximum_round_latency_seconds"": 120, ""maximum_time_to_target_seconds"": 28800, ""memory_capacity_bytes"": 8589934592, ""minimum_validation_utility"": 0.4, ""public_cloud_allowed"": false, ""require_target_reached"": false}",0.72,0.50201126307321,0.65,0.4705128205128204,0.18,1,1.0,True,32215944192,146.8697357000783,81788928,699.7134944489226,699.7134944489226,,699.7134944489226,0.25,True,"{""communication_bytes"": 1.862645149230957e-11, ""compute_time_seconds"": 0.008333333333333333, ""peak_memory_bytes"": 1.1641532182693481e-10}",18760.35366866093
deepseek_r1_distill_llama_8b_lora__tradefl_fixed,deepseek-ai/DeepSeek-R1-Distill-Llama-8B,lora,43,pubmedqa,real_federated,FedAvg,tradefl_fixed,deepseek_r1_distill_llama_8b_lora,0.7,"{""hospital_edge_required"": false, ""maximum_privacy_risk"": 0.5, ""maximum_round_latency_seconds"": 120, ""maximum_time_to_target_seconds"": 28800, ""memory_capacity_bytes"": 8589934592, ""minimum_validation_utility"": 0.4, ""public_cloud_allowed"": false, ""require_target_reached"": false}",0.75,0.5211864406779662,0.69,0.4987004548408056,0.15,1,1.0,True,32215944192,143.9341554865241,81788928,695.7480747597292,695.7480747597292,,695.7480747597292,0.25,True,"{""communication_bytes"": 1.862645149230957e-11, ""compute_time_seconds"": 0.008333333333333333, ""peak_memory_bytes"": 1.1641532182693481e-10}",18612.082259891424
deepseek_r1_distill_llama_8b_lora__tradefl_fixed,deepseek-ai/DeepSeek-R1-Distill-Llama-8B,lora,44,pubmedqa,real_federated,FedAvg,tradefl_fixed,deepseek_r1_distill_llama_8b_lora,0.7,"{""hospital_edge_required"": false, ""maximum_privacy_risk"": 0.5, ""maximum_round_latency_seconds"": 120, ""maximum_time_to_target_seconds"": 28800, ""memory_capacity_bytes"": 8589934592, ""minimum_validation_utility"": 0.4, ""public_cloud_allowed"": false, ""require_target_reached"": false}",0.75,0.5183220829315333,0.69,0.4966931216931217,0.15,1,1.0,True,32215944192,146.3487726189196,81788928,706.8572792382911,706.8572792382911,,706.8572792382911,0.25,True,"{""communication_bytes"": 1.862645149230957e-11, ""compute_time_seconds"": 0.008333333333333333, ""peak_memory_bytes"": 1.1641532182693481e-10}",18784.24182349336
deepseek_r1_distill_llama_8b_lora__independent,deepseek-ai/DeepSeek-R1-Distill-Llama-8B,lora,42,pubmedqa,real_federated,FedAvg,independent,deepseek_r1_distill_llama_8b_lora,0.7,"{""hospital_edge_required"": false, ""maximum_privacy_risk"": 0.5, ""maximum_round_latency_seconds"": 120, ""maximum_time_to_target_seconds"": 28800, ""memory_capacity_bytes"": 8589934592, ""minimum_validation_utility"": 0.4, ""public_cloud_allowed"": false, ""require_target_reached"": false}",0.72,0.50201126307321,0.66,0.4769230769230769,0.18,1,1.0,True,32215944192,145.33437268808484,81788928,713.2549532428384,713.2549532428384,,713.2549532428384,0.25,True,"{""communication_bytes"": 1.862645149230957e-11, ""compute_time_seconds"": 0.008333333333333333, ""peak_memory_bytes"": 1.1641532182693481e-10}",18946.07816985396
deepseek_r1_distill_llama_8b_lora__independent,deepseek-ai/DeepSeek-R1-Distill-Llama-8B,lora,43,pubmedqa,real_federated,FedAvg,independent,deepseek_r1_distill_llama_8b_lora,0.7,"{""hospital_edge_required"": false, ""maximum_privacy_risk"": 0.5, ""maximum_round_latency_seconds"": 120, ""maximum_time_to_target_seconds"": 28800, ""memory_capacity_bytes"": 8589934592, ""minimum_validation_utility"": 0.4, ""public_cloud_allowed"": false, ""require_target_reached"": false}",0.74,0.5130390184242711,0.69,0.4987004548408056,0.16,1,1.0,True,32215944192,145.7294399337843,81788928,728.3889659596607,728.3889659596607,,728.3889659596607,0.25,True,"{""communication_bytes"": 1.862645149230957e-11, ""compute_time_seconds"": 0.008333333333333333, ""peak_memory_bytes"": 1.1641532182693481e-10}",18978.9218596461
deepseek_r1_distill_llama_8b_lora__independent,deepseek-ai/DeepSeek-R1-Distill-Llama-8B,lora,44,pubmedqa,real_federated,FedAvg,independent,deepseek_r1_distill_llama_8b_lora,0.7,"{""hospital_edge_required"": false, ""maximum_privacy_risk"": 0.5, ""maximum_round_latency_seconds"": 120, ""maximum_time_to_target_seconds"": 28800, ""memory_capacity_bytes"": 8589934592, ""minimum_validation_utility"": 0.4, ""public_cloud_allowed"": false, ""require_target_reached"": false}",0.76,0.525178983133115,0.69,0.4966931216931217,0.14,1,1.0,True,32215944192,144.5703459987417,81788928,710.0280466303229,710.0280466303229,,710.0280466303229,0.25,True,"{""communication_bytes"": 1.862645149230957e-11, ""compute_time_seconds"": 0.008333333333333333, ""peak_memory_bytes"": 1.1641532182693481e-10}",18804.07766034792
deepseek_r1_distill_llama_8b_lora__static_weighted_sum,deepseek-ai/DeepSeek-R1-Distill-Llama-8B,lora,42,pubmedqa,real_federated,FedAvg,static_weighted_sum,deepseek_r1_distill_llama_8b_lora,0.7,"{""hospital_edge_required"": false, ""maximum_privacy_risk"": 0.5, ""maximum_round_latency_seconds"": 120, ""maximum_time_to_target_seconds"": 28800, ""memory_capacity_bytes"": 8589934592, ""minimum_validation_utility"": 0.4, ""public_cloud_allowed"": false, ""require_target_reached"": false}",0.72,0.50201126307321,0.65,0.4705128205128204,0.18,1,1.0,True,32215944192,146.8793261051178,81788928,704.9742700783536,704.9742700783536,,704.9742700783536,0.25,True,"{""communication_bytes"": 1.862645149230957e-11, ""compute_time_seconds"": 0.008333333333333333, ""peak_memory_bytes"": 1.1641532182693481e-10}",18896.26565389782
deepseek_r1_distill_llama_8b_lora__static_weighted_sum,deepseek-ai/DeepSeek-R1-Distill-Llama-8B,lora,43,pubmedqa,real_federated,FedAvg,static_weighted_sum,deepseek_r1_distill_llama_8b_lora,0.7,"{""hospital_edge_required"": false, ""maximum_privacy_risk"": 0.5, ""maximum_round_latency_seconds"": 120, ""maximum_time_to_target_seconds"": 28800, ""memory_capacity_bytes"": 8589934592, ""minimum_validation_utility"": 0.4, ""public_cloud_allowed"": false, ""require_target_reached"": false}",0.74,0.5130390184242711,0.68,0.4896951746266814,0.16,1,1.0,True,32215944192,143.79765244200826,81788928,724.0210060598329,724.0210060598329,,724.0210060598329,0.25,True,"{""communication_bytes"": 1.862645149230957e-11, ""compute_time_seconds"": 0.008333333333333333, ""peak_memory_bytes"": 1.1641532182693481e-10}",18909.117399054845
deepseek_r1_distill_llama_8b_lora__static_weighted_sum,deepseek-ai/DeepSeek-R1-Distill-Llama-8B,lora,44,pubmedqa,real_federated,FedAvg,static_weighted_sum,deepseek_r1_distill_llama_8b_lora,0.7,"{""hospital_edge_required"": false, ""maximum_privacy_risk"": 0.5, ""maximum_round_latency_seconds"": 120, ""maximum_time_to_target_seconds"": 28800, ""memory_capacity_bytes"": 8589934592, ""minimum_validation_utility"": 0.4, ""public_cloud_allowed"": false, ""require_target_reached"": false}",0.76,0.525178983133115,0.68,0.488429099671777,0.14,1,1.0,True,32215944192,146.1775967190042,81788928,740.0702462047338,740.0702462047338,,740.0702462047338,0.25,True,"{""communication_bytes"": 1.862645149230957e-11, ""compute_time_seconds"": 0.008333333333333333, ""peak_memory_bytes"": 1.1641532182693481e-10}",19114.70477486568
deepseek_r1_distill_llama_8b_lora__greedy,deepseek-ai/DeepSeek-R1-Distill-Llama-8B,lora,42,pubmedqa,real_federated,FedAvg,greedy,deepseek_r1_distill_llama_8b_lora,0.7,"{""hospital_edge_required"": false, ""maximum_privacy_risk"": 0.5, ""maximum_round_latency_seconds"": 120, ""maximum_time_to_target_seconds"": 28800, ""memory_capacity_bytes"": 8589934592, ""minimum_validation_utility"": 0.4, ""public_cloud_allowed"": false, ""require_target_reached"": false}",0.73,0.5087719298245615,0.65,0.4699348755443686,0.17,1,1.0,True,32215944192,145.16734710056335,81788928,701.3654548060149,701.3654548060149,,701.3654548060149,0.25,True,"{""communication_bytes"": 1.862645149230957e-11, ""compute_time_seconds"": 0.008333333333333333, ""peak_memory_bytes"": 1.1641532182693481e-10}",18705.881207932
deepseek_r1_distill_llama_8b_lora__greedy,deepseek-ai/DeepSeek-R1-Distill-Llama-8B,lora,43,pubmedqa,real_federated,FedAvg,greedy,deepseek_r1_distill_llama_8b_lora,0.7,"{""hospital_edge_required"": false, ""maximum_privacy_risk"": 0.5, ""maximum_round_latency_seconds"": 120, ""maximum_time_to_target_seconds"": 28800, ""memory_capacity_bytes"": 8589934592, ""minimum_validation_utility"": 0.4, ""public_cloud_allowed"": false, ""require_target_reached"": false}",0.74,0.5142857142857143,0.69,0.4987004548408056,0.16,1,1.0,True,32215944192,145.4386604744941,81788928,710.1902620121837,710.1902620121837,,710.1902620121837,0.25,True,"{""communication_bytes"": 1.862645149230957e-11, ""compute_time_seconds"": 0.008333333333333333, ""peak_memory_bytes"": 1.1641532182693481e-10}",18696.479475408574
deepseek_r1_distill_llama_8b_lora__greedy,deepseek-ai/DeepSeek-R1-Distill-Llama-8B,lora,44,pubmedqa,real_federated,FedAvg,greedy,deepseek_r1_distill_llama_8b_lora,0.7,"{""hospital_edge_required"": false, ""maximum_privacy_risk"": 0.5, ""maximum_round_latency_seconds"": 120, ""maximum_time_to_target_seconds"": 28800, ""memory_capacity_bytes"": 8589934592, ""minimum_validation_utility"": 0.4, ""public_cloud_allowed"": false, ""require_target_reached"": false}",0.76,0.525178983133115,0.69,0.4966931216931217,0.14,1,1.0,True,32215944192,144.60712242964655,81788928,711.4737473260611,711.4737473260611,,711.4737473260611,0.25,True,"{""communication_bytes"": 1.862645149230957e-11, ""compute_time_seconds"": 0.008333333333333333, ""peak_memory_bytes"": 1.1641532182693481e-10}",18813.853941886307
bio_clinicalbert_baseline__tradefl_dynamic,emilyalsentzer/Bio_ClinicalBERT,full_finetuning,42,pubmedqa,real_federated,FedAvg,tradefl_dynamic,bio_clinicalbert_baseline,0.7,"{""hospital_edge_required"": false, ""maximum_privacy_risk"": 0.5, ""maximum_round_latency_seconds"": 120, ""maximum_time_to_target_seconds"": 28800, ""memory_capacity_bytes"": 8589934592, ""minimum_validation_utility"": 0.4, ""public_cloud_allowed"": false, ""require_target_reached"": false}",0.54,0.2954064254809905,0.44,0.2626488095238095,0.36,20,,False,16577496064,257.82116320636123,51990037920,434.0572156244889,,434.0572156244889,21.702860781224445,0.25,True,"{""communication_bytes"": 0.0, ""compute_time_seconds"": 0.0, ""peak_memory_bytes"": 0.0}",14531.792455962892
bio_clinicalbert_baseline__tradefl_dynamic,emilyalsentzer/Bio_ClinicalBERT,full_finetuning,43,pubmedqa,real_federated,FedAvg,tradefl_dynamic,bio_clinicalbert_baseline,0.7,"{""hospital_edge_required"": false, ""maximum_privacy_risk"": 0.5, ""maximum_round_latency_seconds"": 120, ""maximum_time_to_target_seconds"": 28800, ""memory_capacity_bytes"": 8589934592, ""minimum_validation_utility"": 0.4, ""public_cloud_allowed"": false, ""require_target_reached"": false}",0.59,0.2473794549266247,0.49,0.2192393736017897,0.31,20,,False,2248361472,257.6510986397043,51990037920,439.0364596331492,,439.0364596331492,21.95182298165746,0.25,True,"{""communication_bytes"": 0.0, ""compute_time_seconds"": 0.0, ""peak_memory_bytes"": 0.0}",14649.663951249086
bio_clinicalbert_baseline__tradefl_dynamic,emilyalsentzer/Bio_ClinicalBERT,full_finetuning,44,pubmedqa,real_federated,FedAvg,tradefl_dynamic,bio_clinicalbert_baseline,0.7,"{""hospital_edge_required"": false, ""maximum_privacy_risk"": 0.5, ""maximum_round_latency_seconds"": 120, ""maximum_time_to_target_seconds"": 28800, ""memory_capacity_bytes"": 8589934592, ""minimum_validation_utility"": 0.4, ""public_cloud_allowed"": false, ""require_target_reached"": false}",0.59,0.2473794549266247,0.49,0.2192393736017897,0.31,20,,False,2247582720,258.0131458584219,51990037920,438.8144533075392,,438.8144533075392,21.94072266537696,0.25,True,"{""communication_bytes"": 0.0, ""compute_time_seconds"": 0.0, ""peak_memory_bytes"": 0.0}",14670.49248170408
bio_clinicalbert_baseline__tradefl_fixed,emilyalsentzer/Bio_ClinicalBERT,full_finetuning,42,pubmedqa,real_federated,FedAvg,tradefl_fixed,bio_clinicalbert_baseline,0.7,"{""hospital_edge_required"": false, ""maximum_privacy_risk"": 0.5, ""maximum_round_latency_seconds"": 120, ""maximum_time_to_target_seconds"": 28800, ""memory_capacity_bytes"": 8589934592, ""minimum_validation_utility"": 0.4, ""public_cloud_allowed"": false, ""require_target_reached"": false}",0.59,0.2473794549266247,0.49,0.2192393736017897,0.31,20,,False,2248851456,257.63222745154053,51990037920,434.53076412156224,,434.53076412156224,21.72653820607811,0.25,True,"{""communication_bytes"": 1.862645149230957e-11, ""compute_time_seconds"": 0.008333333333333333, ""peak_memory_bytes"": 1.1641532182693481e-10}",14522.85695655343
bio_clinicalbert_baseline__tradefl_fixed,emilyalsentzer/Bio_ClinicalBERT,full_finetuning,43,pubmedqa,real_federated,FedAvg,tradefl_fixed,bio_clinicalbert_baseline,0.7,"{""hospital_edge_required"": false, ""maximum_privacy_risk"": 0.5, ""maximum_round_latency_seconds"": 120, ""maximum_time_to_target_seconds"": 28800, ""memory_capacity_bytes"": 8589934592, ""minimum_validation_utility"": 0.4, ""public_cloud_allowed"": false, ""require_target_reached"": false}",0.59,0.2473794549266247,0.49,0.2192393736017897,0.31,20,,False,2248361472,257.9377668555826,51990037920,437.7692616870627,,437.7692616870627,21.88846308435313,0.25,True,"{""communication_bytes"": 1.862645149230957e-11, ""compute_time_seconds"": 0.008333333333333333, ""peak_memory_bytes"": 1.1641532182693481e-10}",14562.64163878976
bio_clinicalbert_baseline__tradefl_fixed,emilyalsentzer/Bio_ClinicalBERT,full_finetuning,44,pubmedqa,real_federated,FedAvg,tradefl_fixed,bio_clinicalbert_baseline,0.7,"{""hospital_edge_required"": false, ""maximum_privacy_risk"": 0.5, ""maximum_round_latency_seconds"": 120, ""maximum_time_to_target_seconds"": 28800, ""memory_capacity_bytes"": 8589934592, ""minimum_validation_utility"": 0.4, ""public_cloud_allowed"": false, ""require_target_reached"": false}",0.59,0.2473794549266247,0.49,0.2192393736017897,0.31,20,,False,2247582720,257.9665382709354,51990037920,436.8479248546064,,436.8479248546064,21.84239624273032,0.25,True,"{""communication_bytes"": 1.862645149230957e-11, ""compute_time_seconds"": 0.008333333333333333, ""peak_memory_bytes"": 1.1641532182693481e-10}",14660.664869912694
bio_clinicalbert_baseline__independent,emilyalsentzer/Bio_ClinicalBERT,full_finetuning,42,pubmedqa,real_federated,FedAvg,independent,bio_clinicalbert_baseline,0.7,"{""hospital_edge_required"": false, ""maximum_privacy_risk"": 0.5, ""maximum_round_latency_seconds"": 120, ""maximum_time_to_target_seconds"": 28800, ""memory_capacity_bytes"": 8589934592, ""minimum_validation_utility"": 0.4, ""public_cloud_allowed"": false, ""require_target_reached"": false}",0.59,0.2473794549266247,0.49,0.2192393736017897,0.31,20,,False,2248851456,257.43419315107167,51990037920,436.96885697636753,,436.96885697636753,21.848442848818376,0.25,True,"{""communication_bytes"": 1.862645149230957e-11, ""compute_time_seconds"": 0.008333333333333333, ""peak_memory_bytes"": 1.1641532182693481e-10}",14622.171640702962
bio_clinicalbert_baseline__independent,emilyalsentzer/Bio_ClinicalBERT,full_finetuning,43,pubmedqa,real_federated,FedAvg,independent,bio_clinicalbert_baseline,0.7,"{""hospital_edge_required"": false, ""maximum_privacy_risk"": 0.5, ""maximum_round_latency_seconds"": 120, ""maximum_time_to_target_seconds"": 28800, ""memory_capacity_bytes"": 8589934592, ""minimum_validation_utility"": 0.4, ""public_cloud_allowed"": false, ""require_target_reached"": false}",0.59,0.2473794549266247,0.49,0.2192393736017897,0.31,20,,False,2248361472,257.9038431998342,51990037920,433.9999094251543,,433.9999094251543,21.699995471257715,0.25,True,"{""communication_bytes"": 1.862645149230957e-11, ""compute_time_seconds"": 0.008333333333333333, ""peak_memory_bytes"": 1.1641532182693481e-10}",14628.37342883797
bio_clinicalbert_baseline__independent,emilyalsentzer/Bio_ClinicalBERT,full_finetuning,44,pubmedqa,real_federated,FedAvg,independent,bio_clinicalbert_baseline,0.7,"{""hospital_edge_required"": false, ""maximum_privacy_risk"": 0.5, ""maximum_round_latency_seconds"": 120, ""maximum_time_to_target_seconds"": 28800, ""memory_capacity_bytes"": 8589934592, ""minimum_validation_utility"": 0.4, ""public_cloud_allowed"": false, ""require_target_reached"": false}",0.53,0.2807258101375748,0.47,0.3018959649975692,0.37,20,,False,2246816256,257.3198819607496,51990037920,435.8089140262455,,435.8089140262455,21.790445701312272,0.25,True,"{""communication_bytes"": 1.862645149230957e-11, ""compute_time_seconds"": 0.008333333333333333, ""peak_memory_bytes"": 1.1641532182693481e-10}",14580.842590478813
bio_clinicalbert_baseline__static_weighted_sum,emilyalsentzer/Bio_ClinicalBERT,full_finetuning,42,pubmedqa,real_federated,FedAvg,static_weighted_sum,bio_clinicalbert_baseline,0.7,"{""hospital_edge_required"": false, ""maximum_privacy_risk"": 0.5, ""maximum_round_latency_seconds"": 120, ""maximum_time_to_target_seconds"": 28800, ""memory_capacity_bytes"": 8589934592, ""minimum_validation_utility"": 0.4, ""public_cloud_allowed"": false, ""require_target_reached"": false}",0.59,0.2473794549266247,0.49,0.2192393736017897,0.31,20,,False,2248851456,257.39226805232465,51990037920,437.3471634611488,,437.3471634611488,21.86735817305744,0.25,True,"{""communication_bytes"": 1.862645149230957e-11, ""compute_time_seconds"": 0.008333333333333333, ""peak_memory_bytes"": 1.1641532182693481e-10}",14618.575953016947
bio_clinicalbert_baseline__static_weighted_sum,emilyalsentzer/Bio_ClinicalBERT,full_finetuning,43,pubmedqa,real_federated,FedAvg,static_weighted_sum,bio_clinicalbert_baseline,0.7,"{""hospital_edge_required"": false, ""maximum_privacy_risk"": 0.5, ""maximum_round_latency_seconds"": 120, ""maximum_time_to_target_seconds"": 28800, ""memory_capacity_bytes"": 8589934592, ""minimum_validation_utility"": 0.4, ""public_cloud_allowed"": false, ""require_target_reached"": false}",0.59,0.2473794549266247,0.49,0.2192393736017897,0.31,20,,False,2248361472,256.9772530319169,51990037920,434.4116488024592,,434.4116488024592,21.72058244012296,0.25,True,"{""communication_bytes"": 1.862645149230957e-11, ""compute_time_seconds"": 0.008333333333333333, ""peak_memory_bytes"": 1.1641532182693481e-10}",14603.44293470592
bio_clinicalbert_baseline__static_weighted_sum,emilyalsentzer/Bio_ClinicalBERT,full_finetuning,44,pubmedqa,real_federated,FedAvg,static_weighted_sum,bio_clinicalbert_baseline,0.7,"{""hospital_edge_required"": false, ""maximum_privacy_risk"": 0.5, ""maximum_round_latency_seconds"": 120, ""maximum_time_to_target_seconds"": 28800, ""memory_capacity_bytes"": 8589934592, ""minimum_validation_utility"": 0.4, ""public_cloud_allowed"": false, ""require_target_reached"": false}",0.59,0.2473794549266247,0.49,0.2192393736017897,0.31,20,,False,2246816256,257.50898631010205,51990037920,433.4664437109605,,433.4664437109605,21.673322185548024,0.25,True,"{""communication_bytes"": 1.862645149230957e-11, ""compute_time_seconds"": 0.008333333333333333, ""peak_memory_bytes"": 1.1641532182693481e-10}",14639.02979969236
bio_clinicalbert_baseline__greedy,emilyalsentzer/Bio_ClinicalBERT,full_finetuning,42,pubmedqa,real_federated,FedAvg,greedy,bio_clinicalbert_baseline,0.7,"{""hospital_edge_required"": false, ""maximum_privacy_risk"": 0.5, ""maximum_round_latency_seconds"": 120, ""maximum_time_to_target_seconds"": 28800, ""memory_capacity_bytes"": 8589934592, ""minimum_validation_utility"": 0.4, ""public_cloud_allowed"": false, ""require_target_reached"": false}",0.59,0.2473794549266247,0.49,0.2192393736017897,0.31,20,,False,2248851456,258.22300927806646,51990037920,436.81217521522194,,436.81217521522194,21.840608760761096,0.25,True,"{""communication_bytes"": 1.862645149230957e-11, ""compute_time_seconds"": 0.008333333333333333, ""peak_memory_bytes"": 1.1641532182693481e-10}",14583.007254066184
bio_clinicalbert_baseline__greedy,emilyalsentzer/Bio_ClinicalBERT,full_finetuning,43,pubmedqa,real_federated,FedAvg,greedy,bio_clinicalbert_baseline,0.7,"{""hospital_edge_required"": false, ""maximum_privacy_risk"": 0.5, ""maximum_round_latency_seconds"": 120, ""maximum_time_to_target_seconds"": 28800, ""memory_capacity_bytes"": 8589934592, ""minimum_validation_utility"": 0.4, ""public_cloud_allowed"": false, ""require_target_reached"": false}",0.59,0.2473794549266247,0.49,0.2192393736017897,0.31,20,,False,2248361472,257.77331018075347,51990037920,437.4713833285496,,437.4713833285496,21.87356916642748,0.25,True,"{""communication_bytes"": 1.862645149230957e-11, ""compute_time_seconds"": 0.008333333333333333, ""peak_memory_bytes"": 1.1641532182693481e-10}",14652.874420915005
bio_clinicalbert_baseline__greedy,emilyalsentzer/Bio_ClinicalBERT,full_finetuning,44,pubmedqa,real_federated,FedAvg,greedy,bio_clinicalbert_baseline,0.7,"{""hospital_edge_required"": false, ""maximum_privacy_risk"": 0.5, ""maximum_round_latency_seconds"": 120, ""maximum_time_to_target_seconds"": 28800, ""memory_capacity_bytes"": 8589934592, ""minimum_validation_utility"": 0.4, ""public_cloud_allowed"": false, ""require_target_reached"": false}",0.59,0.2473794549266247,0.49,0.2192393736017897,0.31,20,,False,2247582720,257.8873669151217,51990037920,440.02529950719327,,440.02529950719327,22.001264975359664,0.25,True,"{""communication_bytes"": 1.862645149230957e-11, ""compute_time_seconds"": 0.008333333333333333, ""peak_memory_bytes"": 1.1641532182693481e-10}",14674.160260323431
bio_clinicalbert_splitfed__tradefl_dynamic,emilyalsentzer/Bio_ClinicalBERT,splitfed,42,pubmedqa,real_federated,FedAvg,tradefl_dynamic,bio_clinicalbert_splitfed,0.7,"{""hospital_edge_required"": false, ""maximum_privacy_risk"": 0.5, ""maximum_round_latency_seconds"": 120, ""maximum_time_to_target_seconds"": 28800, ""memory_capacity_bytes"": 8589934592, ""minimum_validation_utility"": 0.4, ""public_cloud_allowed"": false, ""require_target_reached"": false}",0.59,0.2473794549266247,0.49,0.2192393736017897,0.31,20,,False,2248886272,257.5060120485723,73267361184,437.01598457060754,,437.01598457060754,21.850799228530377,0.25,True,"{""communication_bytes"": 0.0, ""compute_time_seconds"": 0.0, ""peak_memory_bytes"": 0.0}",14616.682607753146
bio_clinicalbert_splitfed__tradefl_dynamic,emilyalsentzer/Bio_ClinicalBERT,splitfed,43,pubmedqa,real_federated,FedAvg,tradefl_dynamic,bio_clinicalbert_splitfed,0.7,"{""hospital_edge_required"": false, ""maximum_privacy_risk"": 0.5, ""maximum_round_latency_seconds"": 120, ""maximum_time_to_target_seconds"": 28800, ""memory_capacity_bytes"": 8589934592, ""minimum_validation_utility"": 0.4, ""public_cloud_allowed"": false, ""require_target_reached"": false}",0.59,0.2473794549266247,0.49,0.2192393736017897,0.31,20,,False,2248353280,257.5847148289904,73225004448,437.16204671468586,,437.16204671468586,21.85810233573429,0.25,True,"{""communication_bytes"": 0.0, ""compute_time_seconds"": 0.0, ""peak_memory_bytes"": 0.0}",14605.051067033228
bio_clinicalbert_splitfed__tradefl_dynamic,emilyalsentzer/Bio_ClinicalBERT,splitfed,44,pubmedqa,real_federated,FedAvg,tradefl_dynamic,bio_clinicalbert_splitfed,0.7,"{""hospital_edge_required"": false, ""maximum_privacy_risk"": 0.5, ""maximum_round_latency_seconds"": 120, ""maximum_time_to_target_seconds"": 28800, ""memory_capacity_bytes"": 8589934592, ""minimum_validation_utility"": 0.4, ""public_cloud_allowed"": false, ""require_target_reached"": false}",0.59,0.2473794549266247,0.49,0.2192393736017897,0.31,20,,False,2248713216,258.13891176879406,73201866144,440.2595089478418,,440.2595089478418,22.01297544739209,0.25,True,"{""communication_bytes"": 0.0, ""compute_time_seconds"": 0.0, ""peak_memory_bytes"": 0.0}",14738.355746058149
bio_clinicalbert_splitfed__tradefl_fixed,emilyalsentzer/Bio_ClinicalBERT,splitfed,42,pubmedqa,real_federated,FedAvg,tradefl_fixed,bio_clinicalbert_splitfed,0.7,"{""hospital_edge_required"": false, ""maximum_privacy_risk"": 0.5, ""maximum_round_latency_seconds"": 120, ""maximum_time_to_target_seconds"": 28800, ""memory_capacity_bytes"": 8589934592, ""minimum_validation_utility"": 0.4, ""public_cloud_allowed"": false, ""require_target_reached"": false}",0.59,0.2932330827067669,0.47,0.259568345323741,0.31,20,,False,2248886272,257.4806710984558,72980417952,440.321961437352,,440.321961437352,22.0160980718676,0.25,True,"{""communication_bytes"": 1.862645149230957e-11, ""compute_time_seconds"": 0.008333333333333333, ""peak_memory_bytes"": 1.1641532182693481e-10}",14678.935478108076
bio_clinicalbert_splitfed__tradefl_fixed,emilyalsentzer/Bio_ClinicalBERT,splitfed,43,pubmedqa,real_federated,FedAvg,tradefl_fixed,bio_clinicalbert_splitfed,0.7,"{""hospital_edge_required"": false, ""maximum_privacy_risk"": 0.5, ""maximum_round_latency_seconds"": 120, ""maximum_time_to_target_seconds"": 28800, ""memory_capacity_bytes"": 8589934592, ""minimum_validation_utility"": 0.4, ""public_cloud_allowed"": false, ""require_target_reached"": false}",0.42,0.2748362748362748,0.43,0.2798718896279872,0.48,20,,False,2248353280,257.81389413401484,73045188000,433.3914315840229,,433.3914315840229,21.669571579201147,0.25,True,"{""communication_bytes"": 1.862645149230957e-11, ""compute_time_seconds"": 0.008333333333333333, ""peak_memory_bytes"": 1.1641532182693481e-10}",14579.69637212485
bio_clinicalbert_splitfed__tradefl_fixed,emilyalsentzer/Bio_ClinicalBERT,splitfed,44,pubmedqa,real_federated,FedAvg,tradefl_fixed,bio_clinicalbert_splitfed,0.7,"{""hospital_edge_required"": false, ""maximum_privacy_risk"": 0.5, ""maximum_round_latency_seconds"": 120, ""maximum_time_to_target_seconds"": 28800, ""memory_capacity_bytes"": 8589934592, ""minimum_validation_utility"": 0.4, ""public_cloud_allowed"": false, ""require_target_reached"": false}",0.59,0.2473794549266247,0.49,0.2192393736017897,0.31,20,,False,2247846912,257.5244380515069,73210873248,433.72848858870566,,433.72848858870566,21.686424429435284,0.25,True,"{""communication_bytes"": 1.862645149230957e-11, ""compute_time_seconds"": 0.008333333333333333, ""peak_memory_bytes"": 1.1641532182693481e-10}",14591.987477162946
bio_clinicalbert_splitfed__independent,emilyalsentzer/Bio_ClinicalBERT,splitfed,42,pubmedqa,real_federated,FedAvg,independent,bio_clinicalbert_splitfed,0.7,"{""hospital_edge_required"": false, ""maximum_privacy_risk"": 0.5, ""maximum_round_latency_seconds"": 120, ""maximum_time_to_target_seconds"": 28800, ""memory_capacity_bytes"": 8589934592, ""minimum_validation_utility"": 0.4, ""public_cloud_allowed"": false, ""require_target_reached"": false}",0.5,0.3253968253968254,0.43,0.3099567099567099,0.4,20,,False,2248886272,258.1741004204377,73376865696,435.7589127160609,,435.7589127160609,21.787945635803045,0.25,True,"{""communication_bytes"": 1.862645149230957e-11, ""compute_time_seconds"": 0.008333333333333333, ""peak_memory_bytes"": 1.1641532182693481e-10}",14639.878046079071
bio_clinicalbert_splitfed__independent,emilyalsentzer/Bio_ClinicalBERT,splitfed,43,pubmedqa,real_federated,FedAvg,independent,bio_clinicalbert_splitfed,0.7,"{""hospital_edge_required"": false, ""maximum_privacy_risk"": 0.5, ""maximum_round_latency_seconds"": 120, ""maximum_time_to_target_seconds"": 28800, ""memory_capacity_bytes"": 8589934592, ""minimum_validation_utility"": 0.4, ""public_cloud_allowed"": false, ""require_target_reached"": false}",0.49,0.3221845574387947,0.39,0.2922088276565889,0.41,20,,False,2248353280,257.9395904093981,73078353312,433.9529355606064,,433.9529355606064,21.69764677803032,0.25,True,"{""communication_bytes"": 1.862645149230957e-11, ""compute_time_seconds"": 0.008333333333333333, ""peak_memory_bytes"": 1.1641532182693481e-10}",14618.492684249566
bio_clinicalbert_splitfed__independent,emilyalsentzer/Bio_ClinicalBERT,splitfed,44,pubmedqa,real_federated,FedAvg,independent,bio_clinicalbert_splitfed,0.7,"{""hospital_edge_required"": false, ""maximum_privacy_risk"": 0.5, ""maximum_round_latency_seconds"": 120, ""maximum_time_to_target_seconds"": 28800, ""memory_capacity_bytes"": 8589934592, ""minimum_validation_utility"": 0.4, ""public_cloud_allowed"": false, ""require_target_reached"": false}",0.55,0.3688458434221146,0.42,0.2880566885016273,0.35,20,,False,2248713216,258.02145716454834,73168823712,437.4432692397386,,437.4432692397386,21.87216346198693,0.25,True,"{""communication_bytes"": 1.862645149230957e-11, ""compute_time_seconds"": 0.008333333333333333, ""peak_memory_bytes"": 1.1641532182693481e-10}",14708.702278446995
bio_clinicalbert_splitfed__static_weighted_sum,emilyalsentzer/Bio_ClinicalBERT,splitfed,42,pubmedqa,real_federated,FedAvg,static_weighted_sum,bio_clinicalbert_splitfed,0.7,"{""hospital_edge_required"": false, ""maximum_privacy_risk"": 0.5, ""maximum_round_latency_seconds"": 120, ""maximum_time_to_target_seconds"": 28800, ""memory_capacity_bytes"": 8589934592, ""minimum_validation_utility"": 0.4, ""public_cloud_allowed"": false, ""require_target_reached"": false}",0.35,0.1728395061728395,0.4,0.1904761904761905,0.55,20,,False,2248886272,257.10646730847657,72994155936,435.6603286946192,,435.6603286946192,21.78301643473096,0.25,True,"{""communication_bytes"": 1.862645149230957e-11, ""compute_time_seconds"": 0.008333333333333333, ""peak_memory_bytes"": 1.1641532182693481e-10}",14642.717233543292
bio_clinicalbert_splitfed__static_weighted_sum,emilyalsentzer/Bio_ClinicalBERT,splitfed,43,pubmedqa,real_federated,FedAvg,static_weighted_sum,bio_clinicalbert_splitfed,0.7,"{""hospital_edge_required"": false, ""maximum_privacy_risk"": 0.5, ""maximum_round_latency_seconds"": 120, ""maximum_time_to_target_seconds"": 28800, ""memory_capacity_bytes"": 8589934592, ""minimum_validation_utility"": 0.4, ""public_cloud_allowed"": false, ""require_target_reached"": false}",0.59,0.2473794549266247,0.49,0.2192393736017897,0.31,20,,False,2248353280,257.5454959347844,73074574752,431.8293845057488,,431.8293845057488,21.59146922528744,0.25,True,"{""communication_bytes"": 1.862645149230957e-11, ""compute_time_seconds"": 0.008333333333333333, ""peak_memory_bytes"": 1.1641532182693481e-10}",14540.785437036478
bio_clinicalbert_splitfed__static_weighted_sum,emilyalsentzer/Bio_ClinicalBERT,splitfed,44,pubmedqa,real_federated,FedAvg,static_weighted_sum,bio_clinicalbert_splitfed,0.7,"{""hospital_edge_required"": false, ""maximum_privacy_risk"": 0.5, ""maximum_round_latency_seconds"": 120, ""maximum_time_to_target_seconds"": 28800, ""memory_capacity_bytes"": 8589934592, ""minimum_validation_utility"": 0.4, ""public_cloud_allowed"": false, ""require_target_reached"": false}",0.59,0.2473794549266247,0.49,0.2192393736017897,0.31,20,,False,2248713216,256.9894895013422,73172620704,434.48773317597806,,434.48773317597806,21.724386658798903,0.25,True,"{""communication_bytes"": 1.862645149230957e-11, ""compute_time_seconds"": 0.008333333333333333, ""peak_memory_bytes"": 1.1641532182693481e-10}",14535.047747424738
bio_clinicalbert_splitfed__greedy,emilyalsentzer/Bio_ClinicalBERT,splitfed,42,pubmedqa,real_federated,FedAvg,greedy,bio_clinicalbert_splitfed,0.7,"{""hospital_edge_required"": false, ""maximum_privacy_risk"": 0.5, ""maximum_round_latency_seconds"": 120, ""maximum_time_to_target_seconds"": 28800, ""memory_capacity_bytes"": 8589934592, ""minimum_validation_utility"": 0.4, ""public_cloud_allowed"": false, ""require_target_reached"": false}",0.59,0.2473794549266247,0.49,0.2192393736017897,0.31,20,,False,2248886272,258.4720434360206,73316777376,437.20842617284507,,437.20842617284507,21.86042130864225,0.25,True,"{""communication_bytes"": 1.862645149230957e-11, ""compute_time_seconds"": 0.008333333333333333, ""peak_memory_bytes"": 1.1641532182693481e-10}",14668.084445819655
bio_clinicalbert_splitfed__greedy,emilyalsentzer/Bio_ClinicalBERT,splitfed,43,pubmedqa,real_federated,FedAvg,greedy,bio_clinicalbert_splitfed,0.7,"{""hospital_edge_required"": false, ""maximum_privacy_risk"": 0.5, ""maximum_round_latency_seconds"": 120, ""maximum_time_to_target_seconds"": 28800, ""memory_capacity_bytes"": 8589934592, ""minimum_validation_utility"": 0.4, ""public_cloud_allowed"": false, ""require_target_reached"": false}",0.59,0.2473794549266247,0.49,0.2192393736017897,0.31,20,,False,2248353280,258.29780639801174,73263619488,439.0452573066577,,439.0452573066577,21.952262865332887,0.25,True,"{""communication_bytes"": 1.862645149230957e-11, ""compute_time_seconds"": 0.008333333333333333, ""peak_memory_bytes"": 1.1641532182693481e-10}",14685.92914479698
bio_clinicalbert_splitfed__greedy,emilyalsentzer/Bio_ClinicalBERT,splitfed,44,pubmedqa,real_federated,FedAvg,greedy,bio_clinicalbert_splitfed,0.7,"{""hospital_edge_required"": false, ""maximum_privacy_risk"": 0.5, ""maximum_round_latency_seconds"": 120, ""maximum_time_to_target_seconds"": 28800, ""memory_capacity_bytes"": 8589934592, ""minimum_validation_utility"": 0.4, ""public_cloud_allowed"": false, ""require_target_reached"": false}",0.59,0.2473794549266247,0.49,0.2192393736017897,0.31,20,,False,2248713216,257.88743510004133,73226466720,442.7950947014615,,442.7950947014615,22.13975473507308,0.25,True,"{""communication_bytes"": 1.862645149230957e-11, ""compute_time_seconds"": 0.008333333333333333, ""peak_memory_bytes"": 1.1641532182693481e-10}",14734.436983435322
bio_clinicalbert_federated_distillation__tradefl_dynamic,emilyalsentzer/Bio_ClinicalBERT,federated_distillation,42,pubmedqa,real_federated,FedAvg,tradefl_dynamic,bio_clinicalbert_federated_distillation,0.7,"{""hospital_edge_required"": false, ""maximum_privacy_risk"": 0.5, ""maximum_round_latency_seconds"": 120, ""maximum_time_to_target_seconds"": 28800, ""memory_capacity_bytes"": 8589934592, ""minimum_validation_utility"": 0.4, ""public_cloud_allowed"": false, ""require_target_reached"": false}",0.59,0.2473794549266247,0.49,0.2192393736017897,0.31,20,,False,2683660288,345.83574089128524,51990037920,524.3001113785431,,524.3001113785431,26.215005568927157,0.25,True,"{""communication_bytes"": 0.0, ""compute_time_seconds"": 0.0, ""peak_memory_bytes"": 0.0}",21870.61374519917
bio_clinicalbert_federated_distillation__tradefl_dynamic,emilyalsentzer/Bio_ClinicalBERT,federated_distillation,43,pubmedqa,real_federated,FedAvg,tradefl_dynamic,bio_clinicalbert_federated_distillation,0.7,"{""hospital_edge_required"": false, ""maximum_privacy_risk"": 0.5, ""maximum_round_latency_seconds"": 120, ""maximum_time_to_target_seconds"": 28800, ""memory_capacity_bytes"": 8589934592, ""minimum_validation_utility"": 0.4, ""public_cloud_allowed"": false, ""require_target_reached"": false}",0.59,0.2473794549266247,0.49,0.2192393736017897,0.31,20,,False,2685747712,345.6751753827557,51990037920,523.6355016781017,,523.6355016781017,26.181775083905087,0.25,True,"{""communication_bytes"": 0.0, ""compute_time_seconds"": 0.0, ""peak_memory_bytes"": 0.0}",21911.383540255625
bio_clinicalbert_federated_distillation__tradefl_dynamic,emilyalsentzer/Bio_ClinicalBERT,federated_distillation,44,pubmedqa,real_federated,FedAvg,tradefl_dynamic,bio_clinicalbert_federated_distillation,0.7,"{""hospital_edge_required"": false, ""maximum_privacy_risk"": 0.5, ""maximum_round_latency_seconds"": 120, ""maximum_time_to_target_seconds"": 28800, ""memory_capacity_bytes"": 8589934592, ""minimum_validation_utility"": 0.4, ""public_cloud_allowed"": false, ""require_target_reached"": false}",0.59,0.2473794549266247,0.49,0.2192393736017897,0.31,20,,False,2683482112,345.26906805858016,51990037920,524.6279091667384,,524.6279091667384,26.23139545833692,0.25,True,"{""communication_bytes"": 0.0, ""compute_time_seconds"": 0.0, ""peak_memory_bytes"": 0.0}",21862.23914721799
bio_clinicalbert_federated_distillation__tradefl_fixed,emilyalsentzer/Bio_ClinicalBERT,federated_distillation,42,pubmedqa,real_federated,FedAvg,tradefl_fixed,bio_clinicalbert_federated_distillation,0.7,"{""hospital_edge_required"": false, ""maximum_privacy_risk"": 0.5, ""maximum_round_latency_seconds"": 120, ""maximum_time_to_target_seconds"": 28800, ""memory_capacity_bytes"": 8589934592, ""minimum_validation_utility"": 0.4, ""public_cloud_allowed"": false, ""require_target_reached"": false}",0.59,0.2473794549266247,0.49,0.2192393736017897,0.31,20,,False,2683660288,344.0023416345939,51990037920,527.417027589865,,527.417027589865,26.370851379493253,0.25,True,"{""communication_bytes"": 1.862645149230957e-11, ""compute_time_seconds"": 0.008333333333333333, ""peak_memory_bytes"": 1.1641532182693481e-10}",21771.13008799121
bio_clinicalbert_federated_distillation__tradefl_fixed,emilyalsentzer/Bio_ClinicalBERT,federated_distillation,43,pubmedqa,real_federated,FedAvg,tradefl_fixed,bio_clinicalbert_federated_distillation,0.7,"{""hospital_edge_required"": false, ""maximum_privacy_risk"": 0.5, ""maximum_round_latency_seconds"": 120, ""maximum_time_to_target_seconds"": 28800, ""memory_capacity_bytes"": 8589934592, ""minimum_validation_utility"": 0.4, ""public_cloud_allowed"": false, ""require_target_reached"": false}",0.59,0.2473794549266247,0.49,0.2192393736017897,0.31,20,,False,2685747712,344.4325947239995,51990037920,527.106893112883,,527.106893112883,26.35534465564415,0.25,True,"{""communication_bytes"": 1.862645149230957e-11, ""compute_time_seconds"": 0.008333333333333333, ""peak_memory_bytes"": 1.1641532182693481e-10}",21740.958516714563
bio_clinicalbert_federated_distillation__tradefl_fixed,emilyalsentzer/Bio_ClinicalBERT,federated_distillation,44,pubmedqa,real_federated,FedAvg,tradefl_fixed,bio_clinicalbert_federated_distillation,0.7,"{""hospital_edge_required"": false, ""maximum_privacy_risk"": 0.5, ""maximum_round_latency_seconds"": 120, ""maximum_time_to_target_seconds"": 28800, ""memory_capacity_bytes"": 8589934592, ""minimum_validation_utility"": 0.4, ""public_cloud_allowed"": false, ""require_target_reached"": false}",0.59,0.2473794549266247,0.49,0.2192393736017897,0.31,20,,False,2683482112,345.4422001671046,51990037920,530.036348560825,,530.036348560825,26.50181742804125,0.25,True,"{""communication_bytes"": 1.862645149230957e-11, ""compute_time_seconds"": 0.008333333333333333, ""peak_memory_bytes"": 1.1641532182693481e-10}",21802.05133462404
bio_clinicalbert_federated_distillation__independent,emilyalsentzer/Bio_ClinicalBERT,federated_distillation,42,pubmedqa,real_federated,FedAvg,independent,bio_clinicalbert_federated_distillation,0.7,"{""hospital_edge_required"": false, ""maximum_privacy_risk"": 0.5, ""maximum_round_latency_seconds"": 120, ""maximum_time_to_target_seconds"": 28800, ""memory_capacity_bytes"": 8589934592, ""minimum_validation_utility"": 0.4, ""public_cloud_allowed"": false, ""require_target_reached"": false}",0.59,0.2473794549266247,0.49,0.2192393736017897,0.31,20,,False,2683660288,344.5884338207543,51990037920,527.4843661412597,,527.4843661412597,26.374218307062986,0.25,True,"{""communication_bytes"": 1.862645149230957e-11, ""compute_time_seconds"": 0.008333333333333333, ""peak_memory_bytes"": 1.1641532182693481e-10}",21859.492987768303
bio_clinicalbert_federated_distillation__independent,emilyalsentzer/Bio_ClinicalBERT,federated_distillation,43,pubmedqa,real_federated,FedAvg,independent,bio_clinicalbert_federated_distillation,0.7,"{""hospital_edge_required"": false, ""maximum_privacy_risk"": 0.5, ""maximum_round_latency_seconds"": 120, ""maximum_time_to_target_seconds"": 28800, ""memory_capacity_bytes"": 8589934592, ""minimum_validation_utility"": 0.4, ""public_cloud_allowed"": false, ""require_target_reached"": false}",0.59,0.2473794549266247,0.49,0.2192393736017897,0.31,20,,False,2685747712,345.3382470794022,51990037920,526.8695768099278,,526.8695768099278,26.34347884049639,0.25,True,"{""communication_bytes"": 1.862645149230957e-11, ""compute_time_seconds"": 0.008333333333333333, ""peak_memory_bytes"": 1.1641532182693481e-10}",21806.077307687105
bio_clinicalbert_federated_distillation__independent,emilyalsentzer/Bio_ClinicalBERT,federated_distillation,44,pubmedqa,real_federated,FedAvg,independent,bio_clinicalbert_federated_distillation,0.7,"{""hospital_edge_required"": false, ""maximum_privacy_risk"": 0.5, ""maximum_round_latency_seconds"": 120, ""maximum_time_to_target_seconds"": 28800, ""memory_capacity_bytes"": 8589934592, ""minimum_validation_utility"": 0.4, ""public_cloud_allowed"": false, ""require_target_reached"": false}",0.59,0.2473794549266247,0.49,0.2192393736017897,0.31,20,,False,2683482112,346.27645929157734,51990037920,528.4341710284352,,528.4341710284352,26.42170855142176,0.25,True,"{""communication_bytes"": 1.862645149230957e-11, ""compute_time_seconds"": 0.008333333333333333, ""peak_memory_bytes"": 1.1641532182693481e-10}",21947.978344285853
bio_clinicalbert_federated_distillation__static_weighted_sum,emilyalsentzer/Bio_ClinicalBERT,federated_distillation,42,pubmedqa,real_federated,FedAvg,static_weighted_sum,bio_clinicalbert_federated_distillation,0.7,"{""hospital_edge_required"": false, ""maximum_privacy_risk"": 0.5, ""maximum_round_latency_seconds"": 120, ""maximum_time_to_target_seconds"": 28800, ""memory_capacity_bytes"": 8589934592, ""minimum_validation_utility"": 0.4, ""public_cloud_allowed"": false, ""require_target_reached"": false}",0.59,0.2473794549266247,0.49,0.2192393736017897,0.31,20,,False,2683660288,344.5871963361278,51990037920,527.5526141766459,,527.5526141766459,26.37763070883229,0.25,True,"{""communication_bytes"": 1.862645149230957e-11, ""compute_time_seconds"": 0.008333333333333333, ""peak_memory_bytes"": 1.1641532182693481e-10}",21693.51529570972
bio_clinicalbert_federated_distillation__static_weighted_sum,emilyalsentzer/Bio_ClinicalBERT,federated_distillation,43,pubmedqa,real_federated,FedAvg,static_weighted_sum,bio_clinicalbert_federated_distillation,0.7,"{""hospital_edge_required"": false, ""maximum_privacy_risk"": 0.5, ""maximum_round_latency_seconds"": 120, ""maximum_time_to_target_seconds"": 28800, ""memory_capacity_bytes"": 8589934592, ""minimum_validation_utility"": 0.4, ""public_cloud_allowed"": false, ""require_target_reached"": false}",0.59,0.2473794549266247,0.49,0.2192393736017897,0.31,20,,False,2685747712,344.42052489425987,51990037920,524.9779981076717,,524.9779981076717,26.24889990538359,0.25,True,"{""communication_bytes"": 1.862645149230957e-11, ""compute_time_seconds"": 0.008333333333333333, ""peak_memory_bytes"": 1.1641532182693481e-10}",21721.15053224535
bio_clinicalbert_federated_distillation__static_weighted_sum,emilyalsentzer/Bio_ClinicalBERT,federated_distillation,44,pubmedqa,real_federated,FedAvg,static_weighted_sum,bio_clinicalbert_federated_distillation,0.7,"{""hospital_edge_required"": false, ""maximum_privacy_risk"": 0.5, ""maximum_round_latency_seconds"": 120, ""maximum_time_to_target_seconds"": 28800, ""memory_capacity_bytes"": 8589934592, ""minimum_validation_utility"": 0.4, ""public_cloud_allowed"": false, ""require_target_reached"": false}",0.59,0.2473794549266247,0.49,0.2192393736017897,0.31,20,,False,2683482112,344.32746819313616,51990037920,525.3474604450166,,525.3474604450166,26.26737302225083,0.25,True,"{""communication_bytes"": 1.862645149230957e-11, ""compute_time_seconds"": 0.008333333333333333, ""peak_memory_bytes"": 1.1641532182693481e-10}",21716.27445464165
bio_clinicalbert_federated_distillation__greedy,emilyalsentzer/Bio_ClinicalBERT,federated_distillation,42,pubmedqa,real_federated,FedAvg,greedy,bio_clinicalbert_federated_distillation,0.7,"{""hospital_edge_required"": false, ""maximum_privacy_risk"": 0.5, ""maximum_round_latency_seconds"": 120, ""maximum_time_to_target_seconds"": 28800, ""memory_capacity_bytes"": 8589934592, ""minimum_validation_utility"": 0.4, ""public_cloud_allowed"": false, ""require_target_reached"": false}",0.59,0.2473794549266247,0.49,0.2192393736017897,0.31,20,,False,2683660288,346.1421153116971,51990037920,530.6275059739128,,530.6275059739128,26.53137529869564,0.25,True,"{""communication_bytes"": 1.862645149230957e-11, ""compute_time_seconds"": 0.008333333333333333, ""peak_memory_bytes"": 1.1641532182693481e-10}",22014.03984221465
bio_clinicalbert_federated_distillation__greedy,emilyalsentzer/Bio_ClinicalBERT,federated_distillation,43,pubmedqa,real_federated,FedAvg,greedy,bio_clinicalbert_federated_distillation,0.7,"{""hospital_edge_required"": false, ""maximum_privacy_risk"": 0.5, ""maximum_round_latency_seconds"": 120, ""maximum_time_to_target_seconds"": 28800, ""memory_capacity_bytes"": 8589934592, ""minimum_validation_utility"": 0.4, ""public_cloud_allowed"": false, ""require_target_reached"": false}",0.59,0.2473794549266247,0.49,0.2192393736017897,0.31,20,,False,2685747712,346.0558816213161,51990037920,530.3663710551336,,530.3663710551336,26.51831855275668,0.25,True,"{""communication_bytes"": 1.862645149230957e-11, ""compute_time_seconds"": 0.008333333333333333, ""peak_memory_bytes"": 1.1641532182693481e-10}",21955.4194827868
bio_clinicalbert_federated_distillation__greedy,emilyalsentzer/Bio_ClinicalBERT,federated_distillation,44,pubmedqa,real_federated,FedAvg,greedy,bio_clinicalbert_federated_distillation,0.7,"{""hospital_edge_required"": false, ""maximum_privacy_risk"": 0.5, ""maximum_round_latency_seconds"": 120, ""maximum_time_to_target_seconds"": 28800, ""memory_capacity_bytes"": 8589934592, ""minimum_validation_utility"": 0.4, ""public_cloud_allowed"": false, ""require_target_reached"": false}",0.59,0.2473794549266247,0.49,0.2192393736017897,0.31,20,,False,2683482112,345.8612708840519,51990037920,528.7807972524315,,528.7807972524315,26.439039862621577,0.25,True,"{""communication_bytes"": 1.862645149230957e-11, ""compute_time_seconds"": 0.008333333333333333, ""peak_memory_bytes"": 1.1641532182693481e-10}",21785.239484541016
qwen2_5_7b_centralized_baseline,Qwen/Qwen2.5-7B-Instruct,centralized_huggingface,42,pubmedqa,centralized_local,none,centralized_baseline,,0.7,"{""hospital_edge_required"": false, ""maximum_privacy_risk"": 0.5, ""maximum_round_latency_seconds"": 120, ""maximum_time_to_target_seconds"": 28800, ""memory_capacity_bytes"": 8589934592, ""minimum_validation_utility"": 0.4, ""public_cloud_allowed"": false, ""require_target_reached"": false}",0.3,0.30924630924630925,0.27,0.28582285627429266,0.6000000000000001,0,,False,15367309824,176.49683551955968,0,176.49683551955968,,,176.49683551955968,0.05,,,4526.386925074015
